Workbook

Sheet Tabel_Perhitungan
A1: TABEL PERHITUNGAN KETAATAN JAM KERJA PEGAWAI NEGERI SIPIL
A3: PERANGKAT DAERAH | D3: : BADAN KEPEGAWAIAN DAN PENGEMBAGAN SUMBER DAYA MANUSIA
A4: BULAN | D4: : AGUSTUS 2026
A6: NO | B6: NAMA/NIP | C6: PANGKAT/GOL. RUANG | D6: JABATAN | E6: JUMLAH HARI KERJA | F6: JUMLAH HARI TIDAK MASUK KERJA | Q6: PERHITUNGAN % KETIDAKTAATAN JAM KERJA
F7: TB | J7: PC | N7: TDK | O7: I | P7: A | Q7: TB | U7: PC | Y7: TDK | Z7: I | AA7: A | AB7: JML
F8: Tb 1 | G8: Tb 2 | H8: Tb 3 | I8: Tb 4 | J8: Pc 1 | K8: Pc 2 | L8: Pc 3 | M8: Pc 4 | N8: Dialog/Apel/Upacara | Q8: P1 | R8: P2 | S8: P3 | T8: P4 | U8: Pc 1 | V8: Pc 2 | W8: Pc 3 | X8: Pc 4 | Y8: Dialog/Apel/Upacara
F9: menit | G9: menit | H9: menit | I9: menit | J9: menit | K9: menit | L9: menit | M9: menit | N9: Perkeg | O9: hari | P9: hari | Q9: 0.005 | R9: 0.01 | S9: 1.25% | T9: 1.5% | U9: 0.5% | V9: 0.01 | W9: 1.25% | X9: 1.5% | Y9: 0.02 | Z9: 0 | AA9: 0.03
A10: 1 | B10: 2 | C10: 3 | D10: 4 | E10: 5 | F10: 6 | G10: 7 | H10: 8 | I10: 9 | J10: 10 | K10: 11 | L10: 12 | M10: 13 | N10: 14 | O10: 15 | P10: 16 | Q10: 17 | R10: 18 | S10: 19 | T10: 20 | U10: 21 | V10: 22 | W10: 23 | X10: 24 | Y10: 25 | Z10: 26 | AA10: 27 | AB10: 28
A12: 1 | B12: ANDI HIZBULLAH MASTAR, SKM., M.Kes | C12: Pembina Tk.I/IVb | D12: Kepala BKPSDM | E12: 19 | F12: 0 | G12: 0 | H12: 0 | I12: 0 | J12: 0 | K12: 0 | L12: 0 | M12: 0 | N12: 0 | O12: 0 | P12: 0 | Q12: =SUM(F12*0.5%) -> 0 | R12: =SUM(G12*1%) -> 0 | S12: =SUM(H12*1.25%) -> 0 | T12: =SUM(I12*1.5%) -> 0 | U12: =SUM(J12*0.5%) -> 0 | V12: =SUM(K12*1%) -> 0 | W12: =SUM(L12*1.25%) -> 0 | X12: =SUM(M12*1.5%) -> 0 | Y12: =SUM(N12*2%) -> 0 | Z12: =SUM(O12*0%) -> 0 | AA12: =SUM(P12*3%) -> 0 | AB12: =SUM(Q12:AA12) -> 0
B13: Nip.197601072003121007
A14: 2 | B14: Drs. SARIANTO | C14: Pembina Tk.I/IVb | D14: Sekretaris BKPSDM | E14: 19 | F14: 0 | G14: 0 | H14: 0 | I14: 0 | J14: 0 | K14: 0 | L14: 0 | M14: 0 | N14: 0 | O14: 0 | P14: 0 | Q14: =SUM(F14*0.5%) -> 0 | R14: =SUM(G14*1%) -> 0 | S14: =SUM(H14*1.25%) -> 0 | T14: =SUM(I14*1.5%) -> 0 | U14: =SUM(J14*0.5%) -> 0 | V14: =SUM(K14*1%) -> 0 | W14: =SUM(L14*1.25%) -> 0 | X14: =SUM(M14*1.5%) -> 0 | Y14: =SUM(N14*2%) -> 0 | Z14: =SUM(O14*0%) -> 0 | AA14: =SUM(P14*3%) -> 0 | AB14: =SUM(Q14:AA14) -> 0
B15: Nip.197207051992031005
A16: 3 | B16: MUHAMMAD BAHRUM.S.Sos | C16: Pembina/IVa | D16: Kabid. Amidnistrasi Kepegawaian | E16: 19 | F16: 0 | G16: 0 | H16: 0 | I16: 0 | J16: 0 | K16: 0 | L16: 0 | M16: 0 | N16: 0 | O16: 0 | P16: 0 | Q16: 0 | R16: =SUM(G16*1%) -> 0 | S16: =SUM(H16*1.25%) -> 0 | T16: =SUM(I16*1.5%) -> 0 | U16: =SUM(J16*0.5%) -> 0 | V16: =SUM(K16*1%) -> 0 | W16: =SUM(L16*1.25%) -> 0 | X16: =SUM(M16*1.5%) -> 0 | Y16: =SUM(N16*2%) -> 0 | Z16: =SUM(O16*0%) -> 0 | AA16: =SUM(P16*3%) -> 0 | AB16: =SUM(Q16:AA16) -> 0
B17: Nip.198110282000031001
A18: 4 | B18: ZETH DIANTO N.G, S.IP, M.Si | C18: Pembina/IVa | D18: Ka. Bidang Pengadaan, Informasi & Kinerja Pegawai | E18: 19 | F18: 0 | G18: 0 | H18: 0 | I18: 0 | J18: 0 | K18: 0 | L18: 0 | M18: 0 | N18: 0 | O18: 0 | P18: 0 | Q18: =SUM(F18*0.5%) -> 0 | R18: =SUM(G18*1%) -> 0 | S18: =SUM(H18*1.25%) -> 0 | T18: =SUM(I18*1.5%) -> 0 | U18: =SUM(J18*0.5%) -> 0 | V18: =SUM(K18*1%) -> 0 | W18: =SUM(L18*1.25%) -> 0 | X18: =SUM(M18*1.5%) -> 0 | Y18: =SUM(N18*2%) -> 0 | Z18: =SUM(O18*0%) -> 0 | AA18: =SUM(P18*3%) -> 0 | AB18: =SUM(Q18:AA18) -> 0
B19: Nip. 197411071993031003
A20: 5 | B20: MUHAMMAD NARWIS, S.STP., MA. | C20: Pembina/IVa | D20: Ka. Bidang Pendidikan & Pelatihan | E20: 19 | F20: 0 | G20: 0 | H20: 0 | I20: 0 | J20: 0 | K20: 0 | L20: 0 | M20: 0 | N20: 0 | O20: 4 | P20: 0 | Q20: =SUM(F20*0.5%) -> 0 | R20: =SUM(G20*1%) -> 0 | S20: =SUM(H20*1.25%) -> 0 | T20: =SUM(I20*1.5%) -> 0 | U20: =SUM(J20*0.5%) -> 0 | V20: =SUM(K20*1%) -> 0 | W20: =SUM(L20*1.25%) -> 0 | X20: =SUM(M20*1.5%) -> 0 | Y20: =SUM(N20*2%) -> 0 | Z20: =SUM(O20*0%) -> 0 | AA20: =SUM(P20*3%) -> 0 | AB20: =SUM(Q20:AA20) -> 0
B21: Nip. 198610182006021001
A22: 6 | B22: ANDI SYAMSIAH, SE | C22: Penata Tk.I/IIId | D22: Ka. Sub. Bagian Keuangan, Perencanaan & Pelaporan | E22: 19 | F22: 0 | G22: 0 | H22: 0 | I22: 0 | J22: 0 | K22: 0 | L22: 0 | M22: 0 | N22: 0 | O22: 0 | P22: 0 | Q22: =SUM(F22*0.5%) -> 0 | R22: =SUM(G22*1%) -> 0 | S22: =SUM(H22*1.25%) -> 0 | T22: =SUM(I22*1.5%) -> 0 | U22: =SUM(J22*0.5%) -> 0 | V22: =SUM(K22*1%) -> 0 | W22: =SUM(L22*1.25%) -> 0 | X22: =SUM(M22*1.5%) -> 0 | Y22: =SUM(N22*2%) -> 0 | Z22: =SUM(O22*0%) -> 0 | AA22: =SUM(P22*3%) -> 0 | AB22: =SUM(Q22:AA22) -> 0
B23: Nip.197408082006042026
A24: 7 | B24: AKHSAN, S.IP | C24: Penata Tk.I/IIId | D24: Plt. Ka. Sub. Bagian Umum & Kepegawaian | E24: 19 | F24: 0 | G24: 0 | H24: 0 | I24: 0 | J24: 0 | K24: 0 | L24: 0 | M24: 0 | N24: 0 | O24: 0 | P24: 0 | Q24: 0 | R24: =SUM(G24*1%) -> 0 | S24: =SUM(H24*1.25%) -> 0 | T24: =SUM(I24*1.5%) -> 0 | U24: =SUM(J24*0.5%) -> 0 | V24: =SUM(K24*1%) -> 0 | W24: =SUM(L24*1.25%) -> 0 | X24: =SUM(M24*1.5%) -> 0 | Y24: =SUM(N24*2%) -> 0 | Z24: =SUM(O24*0%) -> 0 | AA24: =SUM(P24*3%) -> 0 | AB24: =SUM(Q24:AA24) -> 0
B25: Nip.197612312007011093
A26: 8 | B26: R I D W A N, S.Sos | C26: Penata Tk.I/IIId | D26: Analis SDM Aparatur Ahli Madya | E26: 19 | F26: 0 | G26: 0 | H26: 0 | I26: 0 | J26: 0 | K26: 0 | L26: 0 | M26: 0 | N26: 0 | O26: 0 | P26: 0 | Q26: =SUM(F26*0.5%) -> 0 | R26: =SUM(G26*1%) -> 0 | S26: =SUM(H26*1.25%) -> 0 | T26: =SUM(I26*1.5%) -> 0 | U26: =SUM(J26*0.5%) -> 0 | V26: =SUM(K26*1%) -> 0 | W26: =SUM(L26*1.25%) -> 0 | X26: =SUM(M26*1.5%) -> 0 | Y26: =SUM(N26*2%) -> 0 | Z26: =SUM(O26*0%) -> 0 | AA26: =SUM(P26*3%) -> 0 | AB26: =SUM(Q26:AA26) -> 0
B27: Nip.196909121994031008
A28: 9 | B28: AMIR SAPIRIHAR, S.Sos | C28: Pembina/IVa | D28: Analis SDM Aparatur Ahli Madya | E28: 19 | F28: 0 | G28: 0 | H28: 0 | I28: 0 | J28: 0 | K28: 0 | L28: 0 | M28: 0 | N28: 0 | O28: 0 | P28: 0 | Q28: 0 | R28: =SUM(G28*1%) -> 0 | S28: =SUM(H28*1.25%) -> 0 | T28: =SUM(I28*1.5%) -> 0 | U28: =SUM(J28*0.5%) -> 0 | V28: =SUM(K28*1%) -> 0 | W28: =SUM(L28*1.25%) -> 0 | X28: =SUM(M28*1.5%) -> 0 | Y28: =SUM(N28*2%) -> 0 | Z28: =SUM(O28*0%) -> 0 | AA28: =SUM(P28*3%) -> 0 | AB28: =SUM(Q28:AA28) -> 0
B29: Nip.196804242000031013
A30: 10 | B30: ARY ARFAN, SAP, M.Si | C30: Penata Tk.I/IIId | D30: Analis Pengembangan Kompetensi Aparatur Sipil Negara Ahli Muda | E30: 19 | F30: 0 | G30: 1 | H30: 3 | I30: 0 | J30: 0 | K30: 0 | L30: 0 | M30: 2 | N30: 0 | O30: 0 | P30: 0 | Q30: =SUM(F30*0.5%) -> 0 | R30: =SUM(G30*1%) -> 0.01 | S30: =SUM(H30*1.25%) -> 0.0375 | T30: =SUM(I30*1.5%) -> 0 | U30: =SUM(J30*0.5%) -> 0 | V30: =SUM(K30*1%) -> 0 | W30: =SUM(L30*1.25%) -> 0 | X30: =SUM(M30*1.5%) -> 0.03 | Y30: =SUM(N30*2%) -> 0 | Z30: =SUM(O30*0%) -> 0 | AA30: =SUM(P30*3%) -> 0 | AB30: =SUM(Q30:AA30) -> 0.0775
B31: Nip.198304082008011011
A32: 11 | B32: MUKTI FAHDIANSYAH, S.STP | C32: Pembina/IVa | D32: Analis SDM Aparatur Ahli Madya | E32: 19 | F32: 0 | G32: 0 | H32: 0 | I32: 0 | J32: 0 | K32: 0 | L32: 0 | M32: 2 | N32: 0 | O32: 1 | P32: 0 | Q32: =SUM(F32*0.5%) -> 0 | R32: =SUM(G32*1%) -> 0 | S32: =SUM(H32*1.25%) -> 0 | T32: =SUM(I32*1.5%) -> 0 | U32: =SUM(J32*0.5%) -> 0 | V32: =SUM(K32*1%) -> 0 | W32: =SUM(L32*1.25%) -> 0 | X32: =SUM(M32*1.5%) -> 0.03 | Y32: =SUM(N32*2%) -> 0 | Z32: =SUM(O32*0%) -> 0 | AA32: =SUM(P32*3%) -> 0 | AB32: =SUM(Q32:AA32) -> 0.03
B33: Nip.198608032006021001
A34: 12 | B34: KHALIL ACO, S.Sos | C34: Penata Tk.I/IIId | D34: Analis Pengembangan Karir pada Sub Bidang Kepangkatan | E34: 19 | F34: 2 | G34: 1 | H34: 1 | I34: 0 | J34: 1 | K34: 0 | L34: 0 | M34: 1 | N34: 0 | O34: 0 | P34: 0 | Q34: =SUM(F34*0.5%) -> 0.01 | R34: =SUM(G34*1%) -> 0.01 | S34: =SUM(H34*1.25%) -> 0.0125 | T34: =SUM(I34*1.5%) -> 0 | U34: =SUM(J34*0.5%) -> 0.005 | V34: =SUM(K34*1%) -> 0 | W34: =SUM(L34*1.25%) -> 0 | X34: =SUM(M34*1.5%) -> 0.015 | Y34: =SUM(N34*2%) -> 0 | Z34: =SUM(O34*0%) -> 0 | AA34: =SUM(P34*3%) -> 0 | AB34: =SUM(Q34:AA34) -> 0.0525
B35: Nip.196912311994031108
A36: 13 | B36: A I D I L, S.Sos | C36: Penata Tk.I/IIId | D36: Pranata Sidik Jari pada Sub Bidang Pembinaan Disiplin dan Kinerja | E36: 19 | F36: 0 | G36: 0 | H36: 0 | I36: 0 | J36: 0 | K36: 0 | L36: 0 | M36: 0 | N36: 0 | O36: 0 | P36: 19 | Q36: =SUM(F36*0.5%) -> 0 | R36: =SUM(G36*1%) -> 0 | S36: =SUM(H36*1.25%) -> 0 | T36: =SUM(I36*1.5%) -> 0 | U36: =SUM(J36*0.5%) -> 0 | V36: =SUM(K36*1%) -> 0 | W36: =SUM(L36*1.25%) -> 0 | X36: =SUM(M36*1.5%) -> 0 | Y36: =SUM(N36*2%) -> 0 | Z36: =SUM(O36*0%) -> 0 | AA36: =SUM(P36*3%) -> 0.57 | AB36: =SUM(Q36:AA36) -> 0.57
B37: Nip.196901191996031005
A38: 14 | B38: NASMAH H, SIP | C38: Penata Tk.I/IIId | D38: Analis Sumber Daya Manusia Aparatur Ahli Muda | E38: 19 | F38: 0 | G38: 0 | H38: 0 | I38: 0 | J38: 0 | K38: 0 | L38: 0 | M38: 2 | N38: 0 | O38: 0 | P38: 0 | Q38: =SUM(F38*0.5%) -> 0 | R38: =SUM(G38*1%) -> 0 | S38: =SUM(H38*1.25%) -> 0 | T38: =SUM(I38*1.5%) -> 0 | U38: =SUM(J38*0.5%) -> 0 | V38: =SUM(K38*1%) -> 0 | W38: =SUM(L38*1.25%) -> 0 | X38: =SUM(M38*1.5%) -> 0.03 | Y38: =SUM(N38*2%) -> 0 | Z38: =SUM(O38*0%) -> 0 | AA38: =SUM(P38*3%) -> 0 | AB38: =SUM(Q38:AA38) -> 0.03
B39: Nip.198008142007012008
A40: 15 | B40: A. DWI NUNGRAENI,S.Sos | C40: Penata Tk.I/IIId | D40: Analis Kinerja | E40: 19 | F40: 0 | G40: 0 | H40: 1 | I40: 2 | J40: 0 | K40: 0 | L40: 0 | M40: 2 | N40: 0 | O40: 0 | P40: 1 | Q40: =SUM(F40*0.5%) -> 0 | R40: =SUM(G40*1%) -> 0 | S40: =SUM(H40*1.25%) -> 0.0125 | T40: =SUM(I40*1.5%) -> 0.03 | U40: =SUM(J40*0.5%) -> 0 | V40: =SUM(K40*1%) -> 0 | W40: =SUM(L40*1.25%) -> 0 | X40: =SUM(M40*1.5%) -> 0.03 | Y40: =SUM(N40*2%) -> 0 | Z40: =SUM(O40*0%) -> 0 | AA40: =SUM(P40*3%) -> 0.03 | AB40: =SUM(Q40:AA40) -> 0.1025
B41: Nip.198407292003122002
A42: 16 | B42: SAHARUNA, S.IP | C42: Penata Tk.I/IIId | D42: Analis Pengembangan Karir | E42: 19 | F42: 0 | G42: 2 | H42: 0 | I42: 1 | J42: 0 | K42: 0 | L42: 0 | M42: 1 | N42: 0 | O42: 0 | P42: 0 | Q42: =SUM(F42*0.5%) -> 0 | R42: =SUM(G42*1%) -> 0.02 | S42: =SUM(H42*1.25%) -> 0 | T42: =SUM(I42*1.5%) -> 0.015 | U42: =SUM(J42*0.5%) -> 0 | V42: =SUM(K42*1%) -> 0 | W42: =SUM(L42*1.25%) -> 0 | X42: =SUM(M42*1.5%) -> 0.015 | Y42: =SUM(N42*2%) -> 0 | Z42: =SUM(O42*0%) -> 0 | AA42: =SUM(P42*3%) -> 0 | AB42: =SUM(Q42:AA42) -> 0.05
B43: Nip.198001282007011013
A44: 17 | B44: MURNIATI TOLA, S.IP | C44: Penata/IIIc | D44: Pengelola Kepegawaian | E44: 19 | F44: 0 | G44: 0 | H44: 0 | I44: 0 | J44: 0 | K44: 0 | L44: 0 | M44: 3 | N44: 0 | O44: 0 | P44: 0 | Q44: =SUM(F44*0.5%) -> 0 | R44: =SUM(G44*1%) -> 0 | S44: =SUM(H44*1.25%) -> 0 | T44: =SUM(I44*1.5%) -> 0 | U44: =SUM(J44*0.5%) -> 0 | V44: =SUM(K44*1%) -> 0 | W44: =SUM(L44*1.25%) -> 0 | X44: =SUM(M44*1.5%) -> 0.045 | Y44: =SUM(N44*2%) -> 0 | Z44: =SUM(O44*0%) -> 0 | AA44: =SUM(P44*3%) -> 0 | AB44: =SUM(Q44:AA44) -> 0.045
B45: Nip.197801122008012011
A46: 18 | B46: NURHALISAH, A.Md | C46: Penata/IIIc | D46: Pranata Sumber Daya Manusia Aparatur Penyelia | E46: 19 | F46: 1 | G46: 1 | H46: 0 | I46: 1 | J46: 0 | K46: 0 | L46: 0 | M46: 2 | N46: 0 | O46: 0 | P46: 0 | Q46: =SUM(F46*0.5%) -> 0.005 | R46: =SUM(G46*1%) -> 0.01 | S46: =SUM(H46*1.25%) -> 0 | T46: =SUM(I46*1.5%) -> 0.015 | U46: =SUM(J46*0.5%) -> 0 | V46: =SUM(K46*1%) -> 0 | W46: =SUM(L46*1.25%) -> 0 | X46: =SUM(M46*1.5%) -> 0.03 | Y46: =SUM(N46*2%) -> 0 | Z46: =SUM(O46*0%) -> 0 | AA46: =SUM(P46*3%) -> 0 | AB46: =SUM(Q46:AA46) -> 0.06
B47: Nip.198104302006042022
A48: 19 | B48: ANDI MUKHYAR IKHSAN, S.IP | C48: Penata/IIIc | D48: Pengadministrasi Umum Kepegawaian | E48: 19 | F48: 0 | G48: 1 | H48: 0 | I48: 1 | J48: 0 | K48: 0 | L48: 0 | M48: 7 | N48: 0 | O48: 0 | P48: 0 | Q48: =SUM(F48*0.5%) -> 0 | R48: =SUM(G48*1%) -> 0.01 | S48: =SUM(H48*1.25%) -> 0 | T48: =SUM(I48*1.5%) -> 0.015 | U48: =SUM(J48*0.5%) -> 0 | V48: =SUM(K48*1%) -> 0 | W48: =SUM(L48*1.25%) -> 0 | X48: =SUM(M48*1.5%) -> 0.105 | Y48: =SUM(N48*2%) -> 0 | Z48: =SUM(O48*0%) -> 0 | AA48: =SUM(P48*3%) -> 0 | AB48: =SUM(Q48:AA48) -> 0.13
B49: Nip.198206032008011009
A50: 20 | B50: PERAWATI P, S.Si | C50: Penata/IIIc | D50: Penyusun Laporan Keuangan | E50: 19 | F50: 0 | G50: 0 | H50: 0 | I50: 0 | J50: 0 | K50: 0 | L50: 0 | M50: 0 | N50: 0 | O50: 0 | P50: 0 | Q50: =SUM(F50*0.5%) -> 0 | R50: =SUM(G50*1%) -> 0 | S50: =SUM(H50*1.25%) -> 0 | T50: =SUM(I50*1.5%) -> 0 | U50: =SUM(J50*0.5%) -> 0 | V50: =SUM(K50*1%) -> 0 | W50: =SUM(L50*1.25%) -> 0 | X50: =SUM(M50*1.5%) -> 0 | Y50: =SUM(N50*2%) -> 0 | Z50: =SUM(O50*0%) -> 0 | AA50: =SUM(P50*3%) -> 0 | AB50: =SUM(Q50:AA50) -> 0
B51: Nip.98210202012122004
A52: 21 | B52: SAMSIAH, S.IP | C52: Penata Tk.I/IIId | D52: Pengelola Gaji | E52: 19 | F52: 0 | G52: 0 | H52: 0 | I52: 0 | J52: 0 | K52: 0 | L52: 0 | M52: 0 | N52: 0 | O52: 0 | P52: 0 | Q52: =SUM(F52*0.5%) -> 0 | R52: =SUM(G52*1%) -> 0 | S52: =SUM(H52*1.25%) -> 0 | T52: =SUM(I52*1.5%) -> 0 | U52: =SUM(J52*0.5%) -> 0 | V52: =SUM(K52*1%) -> 0 | W52: =SUM(L52*1.25%) -> 0 | X52: =SUM(M52*1.5%) -> 0 | Y52: =SUM(N52*2%) -> 0 | Z52: =SUM(O52*0%) -> 0 | AA52: =SUM(P52*3%) -> 0 | AB52: =SUM(Q52:AA52) -> 0
B53: Nip.197909262006042013
A54: 22 | B54: MAQFUR SALEH, A.Md. Kom | C54: Penata/IIIc | D54: Pengelola Penyelengaraan Diklat | E54: 19 | F54: 1 | G54: 1 | H54: 0 | I54: 0 | J54: 0 | K54: 0 | L54: 0 | M54: 1 | N54: 0 | O54: 0 | P54: 0 | Q54: =SUM(F54*0.5%) -> 0.005 | R54: =SUM(G54*1%) -> 0.01 | S54: =SUM(H54*1.25%) -> 0 | T54: =SUM(I54*1.5%) -> 0 | U54: =SUM(J54*0.5%) -> 0 | V54: =SUM(K54*1%) -> 0 | W54: =SUM(L54*1.25%) -> 0 | X54: =SUM(M54*1.5%) -> 0.015 | Y54: =SUM(N54*2%) -> 0 | Z54: =SUM(O54*0%) -> 0 | AA54: =SUM(P54*3%) -> 0 | AB54: =SUM(Q54:AA54) -> 0.03
B55: Nip.198008182009011015
A56: 23 | B56: RUSMAN RUBAMA | C56: Penata Muda/IIIa | D56: Pengelola Surat | E56: 19 | F56: 0 | G56: 0 | H56: 0 | I56: 2 | J56: 0 | K56: 0 | L56: 0 | M56: 2 | N56: 0 | O56: 0 | P56: 0 | Q56: =SUM(F56*0.5%) -> 0 | R56: =SUM(G56*1%) -> 0 | S56: =SUM(H56*1.25%) -> 0 | T56: =SUM(I56*1.5%) -> 0.03 | U56: =SUM(J56*0.5%) -> 0 | V56: =SUM(K56*1%) -> 0 | W56: =SUM(L56*1.25%) -> 0 | X56: =SUM(M56*1.5%) -> 0.03 | Y56: =SUM(N56*2%) -> 0 | Z56: =SUM(O56*0%) -> 0 | AA56: =SUM(P56*3%) -> 0 | AB56: =SUM(Q56:AA56) -> 0.06
B57: Nip.197805032009011006
A58: 24 | B58: MUHAMMAD AKBAR, S.IP | C58: Penata Muda Tk.I/IIIb | D58: Bendahara | E58: 19 | F58: 0 | G58: 0 | H58: 0 | I58: 0 | J58: 0 | K58: 0 | L58: 0 | M58: 0 | N58: 0 | O58: 0 | P58: 0 | Q58: =SUM(F58*0.5%) -> 0 | R58: =SUM(G58*1%) -> 0 | S58: =SUM(H58*1.25%) -> 0 | T58: =SUM(I58*1.5%) -> 0 | U58: =SUM(J58*0.5%) -> 0 | V58: =SUM(K58*1%) -> 0 | W58: =SUM(L58*1.25%) -> 0 | X58: =SUM(M58*1.5%) -> 0 | Y58: =SUM(N58*2%) -> 0 | Z58: =SUM(O58*0%) -> 0 | AA58: =SUM(P58*3%) -> 0 | AB58: =SUM(Q58:AA58) -> 0
B59: Nip.198908082010011001
A60: 25 | B60: ZULKIFLI, SH | C60: Penata/IIIc | D60: Analis Sumber Daya Manusia Aparatur Ahli Muda | E60: 19 | F60: 0 | G60: 0 | H60: 0 | I60: 0 | J60: 0 | K60: 0 | L60: 0 | M60: 0 | N60: 0 | O60: 0 | P60: 0 | Q60: =SUM(F60*0.5%) -> 0 | R60: =SUM(G60*1%) -> 0 | S60: =SUM(H60*1.25%) -> 0 | T60: =SUM(I60*1.5%) -> 0 | U60: =SUM(J60*0.5%) -> 0 | V60: =SUM(K60*1%) -> 0 | W60: =SUM(L60*1.25%) -> 0 | X60: =SUM(M60*1.5%) -> 0 | Y60: =SUM(N60*2%) -> 0 | Z60: =SUM(O60*0%) -> 0 | AA60: =SUM(P60*3%) -> 0 | AB60: =SUM(Q60:AA60) -> 0
B61: Nip.198407012014121003
A62: 26 | B62: ABDUL RAHMAN MADJID, S.Kom | C62: Penata/IIIc | D62: Analis Sumber Daya Manusia Aparatur Ahli Muda | E62: 19 | F62: 0 | G62: 0 | H62: 0 | I62: 3 | J62: 0 | K62: 0 | L62: 0 | M62: 5 | N62: 0 | O62: 0 | P62: 0 | Q62: =SUM(F62*0.5%) -> 0 | R62: =SUM(G62*1%) -> 0 | S62: =SUM(H62*1.25%) -> 0 | T62: =SUM(I62*1.5%) -> 0.045 | U62: =SUM(J62*0.5%) -> 0 | V62: =SUM(K62*1%) -> 0 | W62: =SUM(L62*1.25%) -> 0 | X62: =SUM(M62*1.5%) -> 0.075 | Y62: =SUM(N62*2%) -> 0 | Z62: =SUM(O62*0%) -> 0 | AA62: =SUM(P62*3%) -> 0 | AB62: =SUM(Q62:AA62) -> 0.12
B63: Nip.198010062011011003
A64: 27 | B64: MUNAWIR | C64: Penata Muda/IIIa | D64: Analis Sumber Daya Manusia Aparatur Ahli Pertama | E64: 19 | F64: 0 | G64: 0 | H64: 0 | I64: 0 | J64: 0 | K64: 0 | L64: 0 | M64: 1 | N64: 0 | O64: 0 | P64: 0 | Q64: =SUM(F64*0.5%) -> 0 | R64: =SUM(G64*1%) -> 0 | S64: =SUM(H64*1.25%) -> 0 | T64: =SUM(I64*1.5%) -> 0 | U64: =SUM(J64*0.5%) -> 0 | V64: =SUM(K64*1%) -> 0 | W64: =SUM(L64*1.25%) -> 0 | X64: =SUM(M64*1.5%) -> 0.015 | Y64: =SUM(N64*2%) -> 0 | Z64: =SUM(O64*0%) -> 0 | AA64: =SUM(P64*3%) -> 0 | AB64: =SUM(Q64:AA64) -> 0.015
B65: Nip.198512312014091001
A66: 28 | B66: HARIAWAN SAPUTRA, A.Md | C66: Penata/IIIc | D66: Analis Sumber Daya Manusia Aparatur Ahli Pertama | E66: 19 | F66: 0 | G66: 0 | H66: 0 | I66: 5 | J66: 0 | K66: 0 | L66: 0 | M66: 1 | N66: 0 | O66: 1 | P66: 0 | Q66: =SUM(F66*0.5%) -> 0 | R66: =SUM(G66*1%) -> 0 | S66: =SUM(H66*1.25%) -> 0 | T66: =SUM(I66*1.5%) -> 0.075 | U66: =SUM(J66*0.5%) -> 0 | V66: =SUM(K66*1%) -> 0 | W66: =SUM(L66*1.25%) -> 0 | X66: =SUM(M66*1.5%) -> 0.015 | Y66: =SUM(N66*2%) -> 0 | Z66: =SUM(O66*0%) -> 0 | AA66: =SUM(P66*3%) -> 0 | AB66: =SUM(Q66:AA66) -> 0.09
B67: Nip.198602062009041004
A68: 29 | B68: MUH. ADE DJAFAR, S.Kom., M.AP | C68: Pembina/IVa | D68: Analis Sumber Daya Manusia Aparatur Ahli Muda | E68: 19 | F68: 0 | G68: 0 | H68: 0 | I68: 0 | J68: 0 | K68: 0 | L68: 0 | M68: 0 | N68: 0 | O68: 0 | P68: 0 | Q68: =SUM(F68*0.5%) -> 0 | R68: =SUM(G68*1%) -> 0 | S68: =SUM(H68*1.25%) -> 0 | T68: =SUM(I68*1.5%) -> 0 | U68: =SUM(J68*0.5%) -> 0 | V68: =SUM(K68*1%) -> 0 | W68: =SUM(L68*1.25%) -> 0 | X68: =SUM(M68*1.5%) -> 0 | Y68: =SUM(N68*2%) -> 0 | Z68: =SUM(O68*0%) -> 0 | AA68: =SUM(P68*3%) -> 0 | AB68: =SUM(Q68:AA68) -> 0
B69: Nip.198501042010011014
A70: 30 | B70: AHMAD DZULKARNAIN, S.Kom | C70: Penata/IIIc | D70: Analis Pengembangan Kompetensi | E70: 19 | F70: 0 | G70: 0 | H70: 0 | I70: 0 | J70: 0 | K70: 0 | L70: 0 | M70: 0 | N70: 0 | O70: 0 | P70: 3 | Q70: =SUM(F70*0.5%) -> 0 | R70: =SUM(G70*1%) -> 0 | S70: =SUM(H70*1.25%) -> 0 | T70: =SUM(I70*1.5%) -> 0 | U70: =SUM(J70*0.5%) -> 0 | V70: =SUM(K70*1%) -> 0 | W70: =SUM(L70*1.25%) -> 0 | X70: =SUM(M70*1.5%) -> 0 | Y70: =SUM(N70*2%) -> 0 | Z70: =SUM(O70*0%) -> 0 | AA70: =SUM(P70*3%) -> 0.09 | AB70: =SUM(Q70:AA70) -> 0.09
B71: Nip.198511012014121001
A72: 31 | B72: WAHYUNI, S.IP | C72: Penata Muda Tk.I/IIIb | D72: Pengelola Surat | E72: 19 | F72: 0 | G72: 0 | H72: 0 | I72: 0 | J72: 0 | K72: 0 | L72: 0 | M72: 0 | N72: 0 | O72: 0 | P72: 0 | Q72: =SUM(F72*0.5%) -> 0 | R72: =SUM(G72*1%) -> 0 | S72: =SUM(H72*1.25%) -> 0 | T72: =SUM(I72*1.5%) -> 0 | U72: =SUM(J72*0.5%) -> 0 | V72: =SUM(K72*1%) -> 0 | W72: =SUM(L72*1.25%) -> 0 | X72: =SUM(M72*1.5%) -> 0 | Y72: =SUM(N72*2%) -> 0 | Z72: =SUM(O72*0%) -> 0 | AA72: =SUM(P72*3%) -> 0 | AB72: =SUM(Q72:AA72) -> 0
B73: Nip.19920228 201101 2 001
A74: 32 | B74: INDRIYANI, A.Md | C74: Penata/IIIc | D74: Pranata Sumber Daya Manusia Aparatur Penyelia | E74: 19 | F74: 0 | G74: 0 | H74: 0 | I74: 0 | J74: 0 | K74: 0 | L74: 0 | M74: 0 | N74: 0 | O74: 0 | P74: 0 | Q74: =SUM(F74*0.5%) -> 0 | R74: =SUM(G74*1%) -> 0 | S74: =SUM(H74*1.25%) -> 0 | T74: =SUM(I74*1.5%) -> 0 | U74: =SUM(J74*0.5%) -> 0 | V74: =SUM(K74*1%) -> 0 | W74: =SUM(L74*1.25%) -> 0 | X74: =SUM(M74*1.5%) -> 0 | Y74: =SUM(N74*2%) -> 0 | Z74: =SUM(O74*0%) -> 0 | AA74: =SUM(P74*3%) -> 0 | AB74: =SUM(Q74:AA74) -> 0
B75: Nip.198012292006042011
A76: 33 | B76: SYAFARUDDIN, S.Sos | C76: Penata/IIIc | D76: Analisis Pengembangan Karir | E76: 19 | F76: 1 | G76: 0 | H76: 0 | I76: 0 | J76: 0 | K76: 0 | L76: 0 | M76: 0 | N76: 0 | O76: 0 | P76: 0 | Q76: =SUM(F76*0.5%) -> 0.005 | R76: =SUM(G76*1%) -> 0 | S76: =SUM(H76*1.25%) -> 0 | T76: =SUM(I76*1.5%) -> 0 | U76: =SUM(J76*0.5%) -> 0 | V76: =SUM(K76*1%) -> 0 | W76: =SUM(L76*1.25%) -> 0 | X76: =SUM(M76*1.5%) -> 0 | Y76: =SUM(N76*2%) -> 0 | Z76: =SUM(O76*0%) -> 0 | AA76: =SUM(P76*3%) -> 0 | AB76: =SUM(Q76:AA76) -> 0.005
B77: Nip.198308112009011004
A78: 34 | B78: MUH. SAHAL HALIM, S.Kom | C78: Penata/IIIc | D78: Pengelola Data | E78: 19 | F78: 0 | G78: 0 | H78: 0 | I78: 0 | J78: 0 | K78: 0 | L78: 0 | M78: 0 | N78: 0 | O78: 0 | P78: 0 | Q78: =SUM(F78*0.5%) -> 0 | R78: =SUM(G78*1%) -> 0 | S78: =SUM(H78*1.25%) -> 0 | T78: =SUM(I78*1.5%) -> 0 | U78: =SUM(J78*0.5%) -> 0 | V78: =SUM(K78*1%) -> 0 | W78: =SUM(L78*1.25%) -> 0 | X78: =SUM(M78*1.5%) -> 0 | Y78: =SUM(N78*2%) -> 0 | Z78: =SUM(O78*0%) -> 0 | AA78: =SUM(P78*3%) -> 0 | AB78: =SUM(Q78:AA78) -> 0
B79: Nip. 198511112015031002
A80: 35 | B80: FITRIA ULFA MAKMUR, S.E | C80: Penata Muda TK.I/IIIb | D80: Analis Sumber Daya Manusia Aparatur Ahli Pertama | E80: 19 | F80: 0 | G80: 0 | H80: 0 | I80: 0 | J80: 0 | K80: 0 | L80: 0 | M80: 0 | N80: 0 | O80: 0 | P80: 0 | Q80: =SUM(F80*0.5%) -> 0 | R80: =SUM(G80*1%) -> 0 | S80: =SUM(H80*1.25%) -> 0 | T80: =SUM(I80*1.5%) -> 0 | U80: =SUM(J80*0.5%) -> 0 | V80: =SUM(K80*1%) -> 0 | W80: =SUM(L80*1.25%) -> 0 | X80: =SUM(M80*1.5%) -> 0 | Y80: =SUM(N80*2%) -> 0 | Z80: =SUM(O80*0%) -> 0 | AA80: =SUM(P80*3%) -> 0 | AB80: =SUM(Q80:AA80) -> 0
B81: Nip. 199004242022022001
A82: 36 | B82: TRIANTO UTOMO, S.E | C82: Penata Muda TK.I/IIIb | D82: Analis Sumber Daya Manusia Aparatur Ahli Pertama | E82: 19 | F82: 0 | G82: 0 | H82: 0 | I82: 1 | J82: 0 | K82: 0 | L82: 0 | M82: 4 | N82: 0 | O82: 0 | P82: 1 | Q82: =SUM(F82*0.5%) -> 0 | R82: =SUM(G82*1%) -> 0 | S82: =SUM(H82*1.25%) -> 0 | T82: =SUM(I82*1.5%) -> 0.015 | U82: =SUM(J82*0.5%) -> 0 | V82: =SUM(K82*1%) -> 0 | W82: =SUM(L82*1.25%) -> 0 | X82: =SUM(M82*1.5%) -> 0.06 | Y82: =SUM(N82*2%) -> 0 | Z82: =SUM(O82*0%) -> 0 | AA82: =SUM(P82*3%) -> 0.03 | AB82: =SUM(Q82:AA82) -> 0.105
B83: Nip. 199306042022021001
A84: 37 | B84: YUYUN ELVANDARI PUTRI | C84: Pengatur /IIc | D84: Pengelola Pemanfaatan Barang Milik Daerah | E84: 19 | F84: 0 | G84: 0 | H84: 0 | I84: 0 | J84: 0 | K84: 0 | L84: 0 | M84: 0 | N84: 0 | O84: 0 | P84: 0 | Q84: =SUM(F84*0.5%) -> 0 | R84: =SUM(G84*1%) -> 0 | S84: =SUM(H84*1.25%) -> 0 | T84: =SUM(I84*1.5%) -> 0 | U84: =SUM(J84*0.5%) -> 0 | V84: =SUM(K84*1%) -> 0 | W84: =SUM(L84*1.25%) -> 0 | X84: =SUM(M84*1.5%) -> 0 | Y84: =SUM(N84*2%) -> 0 | Z84: =SUM(O84*0%) -> 0 | AA84: =SUM(P84*3%) -> 0 | AB84: =SUM(Q84:AA84) -> 0
B85: Nip. 198408222014062006
A86: 38 | B86: INDAH WAHYUNI | C86: Penata Muda/IIIa | D86: Pengadministrasi Tugas Belajar dan Ijin Belajar | E86: 19 | F86: 2 | G86: 1 | H86: 0 | I86: 1 | J86: 0 | K86: 0 | L86: 0 | M86: 2 | N86: 0 | O86: 0 | P86: 0 | Q86: =SUM(F86*0.5%) -> 0.01 | R86: =SUM(G86*1%) -> 0.01 | S86: =SUM(H86*1.25%) -> 0 | T86: =SUM(I86*1.5%) -> 0.015 | U86: =SUM(J86*0.5%) -> 0 | V86: =SUM(K86*1%) -> 0 | W86: =SUM(L86*1.25%) -> 0 | X86: =SUM(M86*1.5%) -> 0.03 | Y86: =SUM(N86*2%) -> 0 | Z86: =SUM(O86*0%) -> 0 | AA86: =SUM(P86*3%) -> 0 | AB86: =SUM(Q86:AA86) -> 0.065
B87: Nip. 198610222012122002
A88: 39 | B88: FAHMI SYARIF, S.Kom, MM | C88: Penata Tk.I/IIId | D88: Pranata Diklat | E88: 19 | F88: 2 | G88: 0 | H88: 1 | I88: 0 | J88: 0 | K88: 0 | L88: 0 | M88: 2 | N88: 0 | O88: 0 | P88: 3 | Q88: =SUM(F88*0.5%) -> 0.01 | R88: =SUM(G88*1%) -> 0 | S88: =SUM(H88*1.25%) -> 0.0125 | T88: =SUM(I88*1.5%) -> 0 | U88: =SUM(J88*0.5%) -> 0 | V88: =SUM(K88*1%) -> 0 | W88: =SUM(L88*1.25%) -> 0 | X88: =SUM(M88*1.5%) -> 0.03 | Y88: =SUM(N88*2%) -> 0 | Z88: =SUM(O88*0%) -> 0 | AA88: =SUM(P88*3%) -> 0.09 | AB88: =SUM(Q88:AA88) -> 0.1425
B89: Nip. 198412102011011009
A90: 40 | B90: WATI, S.AN | C90: Penata Tk.I/IIId | D90: Pengelola Situs atau Web | E90: 19 | F90: 0 | G90: 0 | H90: 0 | I90: 0 | J90: 0 | K90: 0 | L90: 0 | M90: 0 | N90: 0 | O90: 1 | P90: 0 | Q90: =SUM(F90*0.5%) -> 0 | R90: =SUM(G90*1%) -> 0 | S90: =SUM(H90*1.25%) -> 0 | T90: =SUM(I90*1.5%) -> 0 | U90: =SUM(J90*0.5%) -> 0 | V90: =SUM(K90*1%) -> 0 | W90: =SUM(L90*1.25%) -> 0 | X90: =SUM(M90*1.5%) -> 0 | Y90: =SUM(N90*2%) -> 0 | Z90: =SUM(O90*0%) -> 0 | AA90: =SUM(P90*3%) -> 0 | AB90: =SUM(Q90:AA90) -> 0
B91: Nip. 198008172007012023
A92: 41 | B92: SHALSHA ANUGRAH RAHMAN, S.Tr.I.P | C92: Penata Muda/IIIa | D92: Analis Penegakan Integritas dan Disiplin SDM Aparatur | E92: 19 | F92: 0 | G92: 0 | H92: 0 | I92: 0 | J92: 0 | K92: 0 | L92: 0 | M92: 0 | N92: 0 | O92: 1 | P92: 0 | Q92: =SUM(F92*0.5%) -> 0 | R92: =SUM(G92*1%) -> 0 | S92: =SUM(H92*1.25%) -> 0 | T92: =SUM(I92*1.5%) -> 0 | U92: =SUM(J92*0.5%) -> 0 | V92: =SUM(K92*1%) -> 0 | W92: =SUM(L92*1.25%) -> 0 | X92: =SUM(M92*1.5%) -> 0 | Y92: =SUM(N92*2%) -> 0 | Z92: =SUM(O92*0%) -> 0 | AA92: =SUM(P92*3%) -> 0 | AB92: =SUM(Q92:AA92) -> 0
B93: Nip. 200109302023082001
A94: 42 | B94: FRIDA SYAHRUNINNISA, S.Psi | C94: CPNS/IIIa | D94: Asesor Sumber Daya Manusia Ahli Pertama | E94: 19 | F94: 0 | G94: 0 | H94: 0 | I94: 0 | J94: 0 | K94: 0 | L94: 0 | M94: 0 | N94: 0 | O94: 0 | P94: 0 | Q94: =SUM(F94*0.5%) -> 0 | R94: =SUM(G94*1%) -> 0 | S94: =SUM(H94*1.25%) -> 0 | T94: =SUM(I94*1.5%) -> 0 | U94: =SUM(J94*0.5%) -> 0 | V94: =SUM(K94*1%) -> 0 | W94: =SUM(L94*1.25%) -> 0 | X94: =SUM(M94*1.5%) -> 0 | Y94: =SUM(N94*2%) -> 0 | Z94: =SUM(O94*0%) -> 0 | AA94: =SUM(P94*3%) -> 0 | AB94: =SUM(Q94:AA94) -> 0
B95: Nip. 199908012025042004
A96: 43 | B96: ANDI REZKY ANANDA AMALIA, S.E, | C96: CPNS/IIIa | D96: Asesor Sumber Daya Manusia Ahli Pertama | E96: 19 | F96: 0 | G96: 0 | H96: 0 | I96: 0 | J96: 0 | K96: 0 | L96: 0 | M96: 0 | N96: 0 | O96: 0 | P96: 0 | Q96: =SUM(F96*0.5%) -> 0 | R96: =SUM(G96*1%) -> 0 | S96: =SUM(H96*1.25%) -> 0 | T96: =SUM(I96*1.5%) -> 0 | U96: =SUM(J96*0.5%) -> 0 | V96: =SUM(K96*1%) -> 0 | W96: =SUM(L96*1.25%) -> 0 | X96: =SUM(M96*1.5%) -> 0 | Y96: =SUM(N96*2%) -> 0 | Z96: =SUM(O96*0%) -> 0 | AA96: =SUM(P96*3%) -> 0 | AB96: =SUM(Q96:AA96) -> 0
B97: Nip. 199910052025042003
A98: 44 | B98: RAHMI HALMIYAH. S. S.Psi | C98: CPNS/IIIa | D98: Asesor Sumber Daya Manusia Ahli Pertama | E98: 19 | F98: 0 | G98: 0 | H98: 0 | I98: 0 | J98: 0 | K98: 0 | L98: 0 | M98: 0 | N98: 0 | O98: 0 | P98: 0 | Q98: =SUM(F98*0.5%) -> 0 | R98: =SUM(G98*1%) -> 0 | S98: =SUM(H98*1.25%) -> 0 | T98: =SUM(I98*1.5%) -> 0 | U98: =SUM(J98*0.5%) -> 0 | V98: =SUM(K98*1%) -> 0 | W98: =SUM(L98*1.25%) -> 0 | X98: =SUM(M98*1.5%) -> 0 | Y98: =SUM(N98*2%) -> 0 | Z98: =SUM(O98*0%) -> 0 | AA98: =SUM(P98*3%) -> 0 | AB98: =SUM(Q98:AA98) -> 0
B99: Nip. 199902152025042001
A100: 45 | B100: RINI SAHRAINI, S.Sos | C100: CPNS/IIIa | D100: Asesor Sumber Daya Manusia Ahli Pertama | E100: 19 | F100: 0 | G100: 0 | H100: 0 | I100: 0 | J100: 0 | K100: 0 | L100: 0 | M100: 0 | N100: 0 | O100: 0 | P100: 0 | Q100: =SUM(F100*0.5%) -> 0 | R100: =SUM(G100*1%) -> 0 | S100: =SUM(H100*1.25%) -> 0 | T100: =SUM(I100*1.5%) -> 0 | U100: =SUM(J100*0.5%) -> 0 | V100: =SUM(K100*1%) -> 0 | W100: =SUM(L100*1.25%) -> 0 | X100: =SUM(M100*1.5%) -> 0 | Y100: =SUM(N100*2%) -> 0 | Z100: =SUM(O100*0%) -> 0 | AA100: =SUM(P100*3%) -> 0 | AB100: =SUM(Q100:AA100) -> 0
B101: Nip. 199905112025042002
A102: 46 | B102: MUH. RIZAL SYAHRIAR, S.A.P | C102: CPNS/IIIa | D102: Asesor Sumber Daya Manusia Ahli Pertama | E102: 19 | F102: 0 | G102: 0 | H102: 0 | I102: 0 | J102: 0 | K102: 0 | L102: 0 | M102: 0 | N102: 0 | O102: 0 | P102: 0 | Q102: =SUM(F102*0.5%) -> 0 | R102: =SUM(G102*1%) -> 0 | S102: =SUM(H102*1.25%) -> 0 | T102: =SUM(I102*1.5%) -> 0 | U102: =SUM(J102*0.5%) -> 0 | V102: =SUM(K102*1%) -> 0 | W102: =SUM(L102*1.25%) -> 0 | X102: =SUM(M102*1.5%) -> 0 | Y102: =SUM(N102*2%) -> 0 | Z102: =SUM(O102*0%) -> 0 | AA102: =SUM(P102*3%) -> 0 | AB102: =SUM(Q102:AA102) -> 0
B103: Nip.199210082025041001
...

Sheet PK PNS
B1: TABEL PERHITUNGAN PRODUKTIVITAS KERJA PEGAWAI NEGERI SIPIL
A3: PERANGKAT DAERAH | C3: : BADAN KEPEGAWAIAN DAN PENGEMBAGAN SUMBER DAYA MANUSIA
A4: BULAN | C4: : AGUSTUS 2026
A6: NO | B6: NAMA/NIP | C6: PANGKAT/GOL. RUANG | D6: JABATAN | E6: JUMLAH WKE | F6: PRODUKTIVITAS KERJA | I6: % TPP DARI UNSUR PRODUKTIVITAS
F7: HASIL KERJA | G7: PERILAKU | H7: RATING
A8: 1 | B8: 2 | C8: 3 | D8: 4 | E8: 5 | F8: 6 | G8: 7 | H8: 8 | I8: 9
A10: 1 | B10: ANDI HIZBULLAH MASTAR, SKM., M.Kes | C10: Pembina Tk.I/IVb | D10: Kepala BKPSDM | E10: 9020 | F10: SESUAI EKSEPEKTASI | G10: BAIK | H10: BAIK | I10: 1
B11: Nip.197601072003121007
A12: 2 | B12: Drs. SARIANTO | C12: Pembina Tk.I/IVb | D12: Sekretaris BKPSDM | E12: 8460 | F12: SESUAI EKSEPEKTASI | G12: BAIK | H12: BAIK | I12: 1
B13: Nip.197207051992031005
A14: 3 | B14: MUHAMMAD BAHRUM.S.Sos | C14: Pembina/IVa | D14: Kabid. Amidnistrasi Kepegawaian | E14: 8400 | F14: SESUAI EKSEPEKTASI | G14: BAIK | H14: BAIK | I14: 1
B15: Nip.198110282000031001
A16: 4 | B16: ZETH DIANTO N.G, S.IP, M.Si | C16: Pembina/IVa | D16: Ka. Bidang Pengadaan, Informasi & Kinerja Pegawai | E16: 6870 | F16: SESUAI EKSEPEKTASI | G16: BAIK | H16: BAIK | I16: 1
B17: Nip. 197411071993031003
A18: 5 | B18: MUHAMMAD NARWIS, S.STP., MA. | C18: Pembina/IVa | D18: Ka. Bidang Pendidikan & Pelatihan | E18: 7643 | F18: SESUAI EKSEPEKTASI | G18: BAIK | H18: BAIK | I18: 1
B19: Nip. 198610182006021001
A20: 6 | B20: ANDI SYAMSIAH, SE | C20: Penata Tk.I/IIId | D20: Ka. Sub. Bagian Keuangan, Perencanaan & Pelaporan | E20: 7400 | F20: SESUAI EKSEPEKTASI | G20: BAIK | H20: BAIK | I20: 1
B21: Nip.197408082006042026
A22: 7 | B22: AKHSAN, S.IP | C22: Penata Tk.I/IIId | D22: Plt. Ka. Sub. Bagian Umum & Kepegawaian | E22: 7700 | F22: SESUAI EKSEPEKTASI | G22: BAIK | H22: BAIK | I22: 1
B23: Nip.197612312007011093
A24: 8 | B24: R I D W A N, S.Sos | C24: Penata Tk.I/IIId | D24: Analis SDM Aparatur Ahli Madya | E24: 7870 | F24: SESUAI EKSEPEKTASI | G24: BAIK | H24: BAIK | I24: 1
B25: Nip.196909121994031008
A26: 9 | B26: AMIR SAPIRIHAR, S.Sos | C26: Pembina/IVa | D26: Analis SDM Aparatur Ahli Madya | E26: 7025 | F26: SESUAI EKSEPEKTASI | G26: BAIK | H26: BAIK | I26: 1
B27: Nip.196804242000031013
A28: 10 | B28: ARY ARFAN, SAP, M.Si | C28: Penata Tk.I/IIId | D28: Analis Pengembangan Kompetensi Aparatur Sipil Negara Ahli Muda | E28: 8355 | F28: SESUAI EKSEPEKTASI | G28: BAIK | H28: BAIK | I28: 1
B29: Nip.198304082008011011
A30: 11 | B30: MUKTI FAHDIANSYAH, S.STP | C30: Pembina/IVa | D30: Analis SDM Aparatur Ahli Madya | E30: 8420 | F30: SESUAI EKSEPEKTASI | G30: BAIK | H30: BAIK | I30: 1
B31: Nip.198608032006021001
A32: 12 | B32: KHALIL ACO, S.Sos | C32: Penata Tk.I/IIId | D32: Analis Pengembangan Karir pada Sub Bidang Kepangkatan | E32: 6885 | F32: SESUAI EKSEPEKTASI | G32: BAIK | H32: BAIK | I32: 1
B33: Nip.196912311994031108
A34: 13 | B34: A I D I L, S.Sos | C34: Penata Tk.I/IIId | D34: Pranata Sidik Jari pada Sub Bidang Pembinaan Disiplin dan Kinerja | I34: 0
B35: Nip.196901191996031005
A36: 14 | B36: NASMAH H, SIP | C36: Penata Tk.I/IIId | D36: Analis Sumber Daya Manusia Aparatur Ahli Muda | E36: 7655 | F36: SESUAI EKSEPEKTASI | G36: BAIK | H36: BAIK | I36: 1
B37: Nip.198008142007012008
A38: 15 | B38: A. DWI NUNGRAENI,S.Sos | C38: Penata Tk.I/IIId | D38: Analis Kinerja | E38: 7020 | F38: SESUAI EKSEPEKTASI | G38: BAIK | H38: BAIK | I38: 1
B39: Nip.198407292003122002
A40: 16 | B40: SAHARUNA, S.IP | C40: Penata Tk.I/IIId | D40: Analis Pengembangan Karir | E40: 6820 | F40: SESUAI EKSEPEKTASI | G40: BAIK | H40: BAIK | I40: 1
B41: Nip.198001282007011013
A42: 17 | B42: MURNIATI TOLA, S.IP | C42: Penata/IIIc | D42: Pengelola Kepegawaian | E42: 6770 | F42: SESUAI EKSEPEKTASI | G42: BAIK | H42: BAIK | I42: 1
B43: Nip.197801122008012011
A44: 18 | B44: NURHALISAH, A.Md | C44: Penata/IIIc | D44: Pranata Sumber Daya Manusia Aparatur Penyelia | E44: 7100 | F44: SESUAI EKSEPEKTASI | G44: BAIK | H44: BAIK | I44: 1
B45: Nip.198104302006042022
A46: 19 | B46: ANDI MUKHYAR IKHSAN, S.IP | C46: Penata/IIIc | D46: Pengadministrasi Umum Kepegawaian | E46: 7565 | F46: SESUAI EKSEPEKTASI | G46: BAIK | H46: BAIK | I46: 1
B47: Nip.198206032008011009
A48: 20 | B48: PERAWATI P, S.Si | C48: Penata/IIIc | D48: Penyusun Laporan Keuangan | E48: 7920 | F48: SESUAI EKSEPEKTASI | G48: BAIK | H48: BAIK | I48: 1
B49: Nip.98210202012122004
A50: 21 | B50: SAMSIAH, S.IP | C50: Penata Tk.I/IIId | D50: Pengelola Gaji | E50: 6870 | F50: SESUAI EKSEPEKTASI | G50: BAIK | H50: BAIK | I50: 1
B51: Nip.197909262006042013
A52: 22 | B52: MAQFUR SALEH, A.Md. Kom | C52: Penata/IIIc | D52: Pengelola Penyelengaraan Diklat | E52: 7421 | F52: SESUAI EKSEPEKTASI | G52: BAIK | H52: BAIK | I52: 1
B53: Nip.198008182009011015
A54: 23 | B54: RUSMAN RUBAMA | C54: Penata Muda/IIIa | D54: Pengelola Surat | E54: 6840 | F54: SESUAI EKSEPEKTASI | G54: BAIK | H54: BAIK | I54: 1
B55: Nip.197805032009011006
A56: 24 | B56: MUHAMMAD AKBAR, S.IP | C56: Penata Muda Tk.I/IIIb | D56: Bendahara | E56: 6780 | F56: SESUAI EKSEPEKTASI | G56: BAIK | H56: BAIK | I56: 1
B57: Nip.198908082010011001
A58: 25 | B58: ZULKIFLI, SH | C58: Penata/IIIc | D58: Analis Sumber Daya Manusia Aparatur Ahli Muda | E58: 6775 | F58: SESUAI EKSEPEKTASI | G58: BAIK | H58: BAIK | I58: 1
B59: Nip.198407012014121003
A60: 26 | B60: ABDUL RAHMAN MADJID, S.Kom | C60: Penata/IIIc | D60: Analis Sumber Daya Manusia Aparatur Ahli Muda | E60: 7200 | F60: SESUAI EKSEPEKTASI | G60: BAIK | H60: BAIK | I60: 1
B61: Nip.198010062011011003
A62: 27 | B62: MUNAWIR, S.IP | C62: Penata Muda/IIIa | D62: Analis Sumber Daya Manusia Aparatur Ahli Pertama | E62: 7200 | F62: SESUAI EKSEPEKTASI | G62: BAIK | H62: BAIK | I62: 1
B63: Nip.198512312014091001
A64: 28 | B64: HARIAWAN SAPUTRA, A.Md | C64: Penata/IIIc | D64: Analis Sumber Daya Manusia Aparatur Ahli Pertama | E64: 7210 | F64: SESUAI EKSEPEKTASI | G64: BAIK | H64: BAIK | I64: 1
B65: Nip.198602062009041004
A66: 29 | B66: MUH. ADE DJAFAR, S.Kom., M.AP | C66: Pembina/IVa | D66: Analis Sumber Daya Manusia Aparatur Ahli Muda | E66: 6900 | F66: SESUAI EKSEPEKTASI | G66: BAIK | H66: BAIK | I66: 1
B67: Nip.198501042010011014
A68: 30 | B68: AHMAD DZULKARNAIN, S.Kom | C68: Penata/IIIc | D68: Analis Pengembangan Kompetensi | E68: 7643 | F68: SESUAI EKSEPEKTASI | G68: BAIK | H68: BAIK | I68: 1
B69: Nip.198511012014121001
A70: 31 | B70: WAHYUNI, S.IP | C70: Penata Muda Tk.I/IIIb | D70: Pengelola Surat | E70: 7275 | F70: SESUAI EKSEPEKTASI | G70: BAIK | H70: BAIK | I70: 1
B71: Nip.19920228 201101 2 001
A72: 32 | B72: INDRIYANI, A.Md | C72: Penata/IIIc | D72: Pranata Sumber Daya Manusia Aparatur Penyelia | E72: 6759 | F72: SESUAI EKSEPEKTASI | G72: BAIK | H72: BAIK | I72: 1
B73: Nip.198012292006042011
A74: 33 | B74: SYAFARUDDIN, S.Sos | C74: Penata/IIIc | D74: Analisis Pengembangan Karir | E74: 6820 | F74: SESUAI EKSEPEKTASI | G74: BAIK | H74: BAIK | I74: 1
B75: Nip.198308112009011004
A76: 34 | B76: MUH. SAHAL HALIM, S.Kom | C76: Penata/IIIc | D76: Pengelola Data | E76: 7100 | F76: SESUAI EKSEPEKTASI | G76: BAIK | H76: BAIK | I76: 1
B77: Nip. 198511112015031002
A78: 35 | B78: FITRIA ULFA MAKMUR, S.E | C78: Penata Muda TK.I/IIIb | D78: Analis Sumber Daya Manusia Aparatur Ahli Pertama | E78: 6835 | F78: SESUAI EKSEPEKTASI | G78: BAIK | H78: BAIK | I78: 1
B79: Nip. 199004242022022001
A80: 36 | B80: TRIANTO UTOMO, S.E | C80: Penata Muda TK.I/IIIb | D80: Analis Sumber Daya Manusia Aparatur Ahli Pertama | E80: 6885 | F80: SESUAI EKSEPEKTASI | G80: BAIK | H80: BAIK | I80: 1
B81: Nip. 199306042022021001
A82: 37 | B82: YUYUN ELVANDARI PUTRI | C82: Pengatur /IIc | D82: Pengelola Pemanfaatan Barang Milik Daerah | E82: 7445 | F82: SESUAI EKSEPEKTASI | G82: BAIK | H82: BAIK | I82: 1
B83: Nip. 198408222014062006
A84: 38 | B84: INDAH WAHYUNI, S.E | C84: Penata Muda/IIIa | D84: Pengadministrasi Tugas Belajar dan Ijin Belajar | E84: 7435 | F84: SESUAI EKSEPEKTASI | G84: BAIK | H84: BAIK | I84: 1
B85: Nip. 198610222012122002
A86: 39 | B86: FAHMI SYARIF, S.Kom, MM | C86: Penata Tk.I/IIId | D86: Pranata Diklat | E86: 7662 | F86: SESUAI EKSEPEKTASI | G86: BAIK | H86: BAIK | I86: 1
B87: Nip. 198412102011011009
A88: 40 | B88: WATI, S.AN | C88: Penata Tk.I/IIId | D88: Pengelola Situs atau Web | E88: 7705 | F88: SESUAI EKSEPEKTASI | G88: BAIK | H88: BAIK | I88: 1
B89: Nip. 198008172007012023
A90: 41 | B90: SHALSHA ANUGRAH RAHMAN, S.Tr.I.P | C90: Penata Muda/IIIa | D90: Analis Penegakan Integritas dan Disiplin SDM Aparatur | E90: 6810 | F90: SESUAI EKSEPEKTASI | G90: BAIK | H90: BAIK | I90: 1
B91: Nip. 200109302023082001
A92: 42 | B92: FRIDA SYAHRUNINNISA, S.Psi | C92: CPNS/IIIa | D92: Asesor Sumber Daya Manusia Ahli Pertama | E92: 7890 | F92: SESUAI EKSEPEKTASI | G92: BAIK | H92: BAIK | I92: 1
B93: Nip. 199908012025042004
A94: 43 | B94: ANDI REZKY ANANDA AMALIA, S.E, | C94: CPNS/IIIa | D94: Asesor Sumber Daya Manusia Ahli Pertama | E94: 7290 | F94: SESUAI EKSEPEKTASI | G94: BAIK | H94: BAIK | I94: 1
B95: Nip. 199910052025042003
A96: 44 | B96: RAHMI HALMIYAH. S. S.Psi | C96: CPNS/IIIa | D96: Asesor Sumber Daya Manusia Ahli Pertama | E96: 7320 | F96: SESUAI EKSEPEKTASI | G96: BAIK | H96: BAIK | I96: 1
B97: Nip. 199902152025042001
A98: 45 | B98: RINI SAHRAINI, S.Sos | C98: CPNS/IIIa | D98: Asesor Sumber Daya Manusia Ahli Pertama | E98: 8005 | F98: SESUAI EKSEPEKTASI | G98: BAIK | H98: BAIK | I98: 1
B99: Nip. 199905112025042002
A100: 46 | B100: MUH. RIZAL SYAHRIAR, S.A.P | C100: CPNS/IIIa | D100: Asesor Sumber Daya Manusia Ahli Pertama | E100: 7790 | F100: SESUAI EKSEPEKTASI | G100: BAIK | H100: BAIK | I100: 1
B101: Nip.199210082025041001
A102: 47 | B102: SAFIRAH RIFANI FARID, S.M | C102: CPNS/IIIa | D102: Asesor Sumber Daya Manusia Ahli Pertama | E102: 7320 | F102: SESUAI EKSEPEKTASI | G102: BAIK | H102: BAIK | I102: 1
B103: Nip. 199811062025042001
...

Sheet TPP BK
A2: TABEL PERHITUNGAN TPP BEBAN KERJA (BK)
A5: PERANGKAT DAERAH | C5: : BADAN KEPEGAWAIAN PENDIDIKAN DAN PELATIHAN
A6: BULAN | C6: : AGUSTUS 2026
A8: NO | B8: NAMA/NIP | C8: PANGKAT/GOL. RUANG | D8: JABATAN | E8: JUMLAH WKE | F8: JENIS TPP | G8: BPJS 1% | H8: JUMLAH TPP SETELAH POTONGAN BPJS | I8: PREDIKAT KINERJA | L8: DISIPLIN KERJA | O8: JUMLAH TPP KOTOR | P8: PPh 21 | R8: JUMLAH TPP BERSIH | S8: TANDA TANGAN
F9: TPP BK | I9: TPP (60%) | J9: % KINERJA PEGAWAI | K9: JUMLAH | L9: TPP (40%) | M9: PENGURANGAN | N9: JUMLAH
A10: 1 | B10: 2 | C10: 3 | D10: 4 | E10: 5 | F10: 6 | G10: 7(6*1%) | H10: 8(6-7) | I10: 9(8*60%) | J10: 10 | K10: 11(8*9) | L10: 12(8*40%) | M10: 13 | N10: 14(12-13) | O10: 15(11+14) | P10: 16 | R10: 17(15-16) | S10: 18 | U10: agus | V10: Juli
U11: =SUM(O12+G12) -> 1288527 | V11: {=SUM('[1]TPP BK'!$O$12:$O$13+'[1]TPP BK'!$G$12:$G$13)} -> 1288527 | W11: =SUM(U11:V11) -> 2577054
A12: 1 | B12: ANDI HIZBULLAH MASTAR, SKM., M.Kes | C12: Pembina Tk.I/IVb | D12: Kepala BKPSDM | E12: =SUM('PK PNS'!E10:E11) -> 9020 | F12: 1288527 | G12: =SUM(F12*1%) -> 12885.27 | H12: =SUM(F12-G12) -> 1275641.7 | I12: =SUM(H12*60%) -> 765385.04 | J12: =SUM('PK PNS'!I10:I11) -> 1 | K12: =SUM(I12*J12) -> 765385.04 | L12: =SUM(H12*40%) -> 510256.69 | M12: =SUM(L12*Tabel_Perhitungan!AB12) -> 0 | N12: =SUM(L12-M12) -> 510256.69 | O12: =SUM(K12+N12) -> 1275641.7 | P12: 0.15 | Q12: =SUM(O12*P12) -> 191346.26 | R12: =SUM(O12-Q12) -> 1084295.5 | S12: 1 | U12: {=SUM('TPP KK'!O12:O13+'TPP KK'!G12:G13)} -> 453089 | V12: {=SUM('TPP KK'!P12:P13+'TPP KK'!H12:H13)} -> 448558.26 | W12: =SUM(U12:V13) -> 901647.26
B13: Nip.197601072003121007
A14: 2 | B14: Drs. SARIANTO | C14: Pembina Tk.I/IVb | D14: Sekretaris BKPSDM | E14: =SUM('PK PNS'!E12:E13) -> 8460 | F14: 1117734 | G14: =SUM(F14*1%) -> 11177.34 | H14: =SUM(F14-G14) -> 1106556.7 | I14: =SUM(H14*60%) -> 663934 | J14: =SUM('PK PNS'!I12:I13) -> 1 | K14: =SUM(I14*J14) -> 663934 | L14: =SUM(H14*40%) -> 442622.66 | M14: =SUM(L14*Tabel_Perhitungan!AB14) -> 0 | N14: =SUM(L14-M14) -> 442622.66 | O14: =SUM(K14+N14) -> 1106556.7 | P14: 0.15 | Q14: =SUM(O14*P14) -> 165983.5 | R14: =SUM(O14-Q14) -> 940573.16 | S14: 2
B15: Nip.197207051992031005
A16: 3 | B16: MUHAMMAD BAHRUM.S.Sos | C16: Pembina/IVa | D16: Kabid. Amidnistrasi Kepegawaian | E16: =SUM('PK PNS'!E14:E15) -> 8400 | F16: 966432 | G16: =SUM(F16*1%) -> 9664.32 | H16: =SUM(F16-G16) -> 956767.68 | I16: =SUM(H16*60%) -> 574060.61 | J16: =SUM('PK PNS'!I14:I15) -> 1 | K16: =SUM(I16*J16) -> 574060.61 | L16: =SUM(H16*40%) -> 382707.07 | M16: =SUM(L16*Tabel_Perhitungan!AB16) -> 0 | N16: =SUM(L16-M16) -> 382707.07 | O16: =SUM(K16+N16) -> 956767.68 | P16: 0.15 | Q16: =SUM(O16*P16) -> 143515.15 | R16: =SUM(O16-Q16) -> 813252.53 | S16: 3
B17: Nip.198110282000031001
A18: 4 | B18: ZETH DIANTO N.G, S.IP, M.Si | C18: Pembina/IVa | D18: Ka. Bidang Pengadaan, Informasi & Kinerja Pegawai | E18: =SUM('PK PNS'!E16:E17) -> 6870 | F18: 966432 | G18: =SUM(F18*1%) -> 9664.32 | H18: =SUM(F18-G18) -> 956767.68 | I18: =SUM(H18*60%) -> 574060.61 | J18: =SUM('PK PNS'!I16:I17) -> 1 | K18: =SUM(I18*J18) -> 574060.61 | L18: =SUM(H18*40%) -> 382707.07 | M18: =SUM(L18*Tabel_Perhitungan!AB18) -> 0 | N18: =SUM(L18-M18) -> 382707.07 | O18: =SUM(K18+N18) -> 956767.68 | P18: 0.15 | Q18: =SUM(O18*P18) -> 143515.15 | R18: =SUM(O18-Q18) -> 813252.53 | S18: 4
B19: Nip. 197411071993031003
A20: 5 | B20: MUHAMMAD NARWIS, S.STP., MA. | C20: Pembina/IVa | D20: Ka. Bidang Pendidikan & Pelatihan | E20: =SUM('PK PNS'!E18:E19) -> 7643 | F20: 966432 | G20: =SUM(F20*1%) -> 9664.32 | H20: =SUM(F20-G20) -> 956767.68 | I20: =SUM(H20*60%) -> 574060.61 | J20: =SUM('PK PNS'!I18:I19) -> 1 | K20: =SUM(I20*J20) -> 574060.61 | L20: =SUM(H20*40%) -> 382707.07 | M20: =SUM(L20*Tabel_Perhitungan!AB20) -> 0 | N20: =SUM(L20-M20) -> 382707.07 | O20: =SUM(K20+N20) -> 956767.68 | P20: 0.15 | Q20: =SUM(O20*P20) -> 143515.15 | R20: =SUM(O20-Q20) -> 813252.53 | S20: 5
B21: Nip. 198610182006021001
A22: 6 | B22: ANDI SYAMSIAH, SE | C22: Penata Tk.I/IIId | D22: Ka. Sub. Bagian Keuangan, Perencanaan & Pelaporan | E22: =SUM('PK PNS'!E20:E21) -> 7400 | F22: 621537 | G22: =SUM(F22*1%) -> 6215.37 | H22: =SUM(F22-G22) -> 615321.63 | I22: =SUM(H22*60%) -> 369192.98 | J22: =SUM('PK PNS'!I20:I21) -> 1 | K22: =SUM(I22*J22) -> 369192.98 | L22: =SUM(H22*40%) -> 246128.65 | M22: =SUM(L22*Tabel_Perhitungan!AB22) -> 0 | N22: =SUM(L22-M22) -> 246128.65 | O22: =SUM(K22+N22) -> 615321.63 | P22: 0.05 | Q22: =SUM(O22*P22) -> 30766.082 | R22: =SUM(O22-Q22) -> 584555.55 | S22: 6
B23: Nip.197408082006042026
A24: 7 | B24: AKHSAN, S.IP | C24: Penata Tk.I/IIId | D24: Plt. Ka. Sub. Bagian Umum & Kepegawaian | E24: =SUM('PK PNS'!E22:E23) -> 7700 | F24: 499535 | G24: =SUM(F24*1%) -> 4995.35 | H24: =SUM(F24-G24) -> 494539.65 | I24: =SUM(H24*60%) -> 296723.79 | J24: =SUM('PK PNS'!I22:I23) -> 1 | K24: =SUM(I24*J24) -> 296723.79 | L24: =SUM(H24*40%) -> 197815.86 | M24: =SUM(L24*Tabel_Perhitungan!AB24) -> 0 | N24: =SUM(L24-M24) -> 197815.86 | O24: =SUM(K24+N24) -> 494539.65 | P24: 0.05 | Q24: =SUM(O24*P24) -> 24726.983 | R24: =SUM(O24-Q24) -> 469812.67 | S24: 7
B25: Nip.197612312007011093
A26: 8 | B26: R I D W A N, S.Sos | C26: Penata Tk.I/IIId | D26: Analis SDM Aparatur Ahli Madya | E26: =SUM('PK PNS'!E24:E25) -> 7870 | F26: 1117734 | G26: =SUM(F26*1%) -> 11177.34 | H26: =SUM(F26-G26) -> 1106556.7 | I26: =SUM(H26*60%) -> 663934 | J26: =SUM('PK PNS'!I24:I25) -> 1 | K26: =SUM(I26*J26) -> 663934 | L26: =SUM(H26*40%) -> 442622.66 | M26: =SUM(L26*Tabel_Perhitungan!AB26) -> 0 | N26: =SUM(L26-M26) -> 442622.66 | O26: =SUM(K26+N26) -> 1106556.7 | P26: 0.05 | Q26: =SUM(O26*P26) -> 55327.833 | R26: =SUM(O26-Q26) -> 1051228.8 | S26: 8
B27: Nip.196909121994031008
A28: 9 | B28: AMIR SAPIRIHAR, S.Sos | C28: Pembina/IVa | D28: Analis SDM Aparatur Ahli Madya | E28: =SUM('PK PNS'!E26:E27) -> 7025 | F28: 1117734 | G28: =SUM(F28*1%) -> 11177.34 | H28: =SUM(F28-G28) -> 1106556.7 | I28: =SUM(H28*60%) -> 663934 | J28: =SUM('PK PNS'!I26:I27) -> 1 | K28: =SUM(I28*J28) -> 663934 | L28: =SUM(H28*40%) -> 442622.66 | M28: =SUM(L28*Tabel_Perhitungan!AB28) -> 0 | N28: =SUM(L28-M28) -> 442622.66 | O28: =SUM(K28+N28) -> 1106556.7 | P28: 0.15 | Q28: =SUM(O28*P28) -> 165983.5 | R28: =SUM(O28-Q28) -> 940573.16 | S28: 9
B29: Nip.196804242000031013
A30: 10 | B30: ARY ARFAN, SAP, M.Si | C30: Penata Tk.I/IIId | D30: Analis Pengembangan Kompetensi Aparatur Sipil Negara Ahli Muda | E30: =SUM('PK PNS'!E28:E29) -> 8355 | F30: 620474 | G30: =SUM(F30*1%) -> 6204.74 | H30: =SUM(F30-G30) -> 614269.26 | I30: =SUM(H30*60%) -> 368561.56 | J30: =SUM('PK PNS'!I28:I29) -> 1 | K30: =SUM(I30*J30) -> 368561.56 | L30: =SUM(H30*40%) -> 245707.7 | M30: =SUM(L30*Tabel_Perhitungan!AB30) -> 19042.347 | N30: =SUM(L30-M30) -> 226665.36 | O30: =SUM(K30+N30) -> 595226.91 | P30: 0.05 | Q30: =SUM(O30*P30) -> 29761.346 | R30: =SUM(O30-Q30) -> 565465.57 | S30: 10
B31: Nip.198304082008011011
A32: 11 | B32: MUKTI FAHDIANSYAH, S.STP | C32: Pembina/IVa | D32: Analis SDM Aparatur Ahli Madya | E32: =SUM('PK PNS'!E30:E31) -> 8420 | F32: 1117734 | G32: =SUM(F32*1%) -> 11177.34 | H32: =SUM(F32-G32) -> 1106556.7 | I32: =SUM(H32*60%) -> 663934 | J32: =SUM('PK PNS'!I30:I31) -> 1 | K32: =SUM(I32*J32) -> 663934 | L32: =SUM(H32*40%) -> 442622.66 | M32: =SUM(L32*Tabel_Perhitungan!AB32) -> 13278.68 | N32: =SUM(L32-M32) -> 429343.98 | O32: =SUM(K32+N32) -> 1093278 | P32: 0.15 | Q32: =SUM(O32*P32) -> 163991.7 | R32: =SUM(O32-Q32) -> 929286.28 | S32: 11
B33: Nip.198608032006021001
A34: 12 | B34: KHALIL ACO, S.Sos | C34: Penata Tk.I/IIId | D34: Analis Pengembangan Karir pada Sub Bidang Kepangkatan | E34: =SUM('PK PNS'!E32:E33) -> 6885 | F34: 440438 | G34: =SUM(F34*1%) -> 4404.38 | H34: =SUM(F34-G34) -> 436033.62 | I34: =SUM(H34*60%) -> 261620.17 | J34: =SUM('PK PNS'!I32:I33) -> 1 | K34: =SUM(I34*J34) -> 261620.17 | L34: =SUM(H34*40%) -> 174413.45 | M34: =SUM(L34*Tabel_Perhitungan!AB34) -> 9156.706 | N34: =SUM(L34-M34) -> 165256.74 | O34: =SUM(K34+N34) -> 426876.91 | P34: 0.05 | Q34: =SUM(O34*P34) -> 21343.846 | R34: =SUM(O34-Q34) -> 405533.07 | S34: 12
B35: Nip.196912311994031108
A36: 13 | B36: A I D I L, S.Sos | C36: Penata Tk.I/IIId | D36: Pranata Sidik Jari pada Sub Bidang Pembinaan Disiplin dan Kinerja/Anggota PPTK | E36: =SUM('PK PNS'!E34:E35) -> 0 | F36: 0 | G36: =SUM(F36*1%) -> 0 | H36: =SUM(F36-G36) -> 0 | I36: =SUM(H36*60%) -> 0 | J36: =SUM('PK PNS'!I34:I35) -> 0 | K36: =SUM(I36*J36) -> 0 | L36: =SUM(H36*40%) -> 0 | M36: =SUM(L36*Tabel_Perhitungan!AB36) -> 0 | N36: =SUM(L36-M36) -> 0 | O36: =SUM(K36+N36) -> 0 | P36: 0.05 | Q36: =SUM(O36*P36) -> 0 | R36: =SUM(O36-Q36) -> 0 | S36: 13
B37: Nip.196901191996031005
A38: 14 | B38: NASMAH H, SIP | C38: Penata Tk.I/IIId | D38: Analis Sumber Daya Manusia Aparatur Ahli Muda | E38: =SUM('PK PNS'!E36:E37) -> 7655 | F38: 620474 | G38: =SUM(F38*1%) -> 6204.74 | H38: =SUM(F38-G38) -> 614269.26 | I38: =SUM(H38*60%) -> 368561.56 | J38: =SUM('PK PNS'!I36:I37) -> 1 | K38: =SUM(I38*J38) -> 368561.56 | L38: =SUM(H38*40%) -> 245707.7 | M38: =SUM(L38*Tabel_Perhitungan!AB38) -> 7371.2311 | N38: =SUM(L38-M38) -> 238336.47 | O38: =SUM(K38+N38) -> 606898.03 | P38: 0.05 | Q38: =SUM(O38*P38) -> 30344.901 | R38: =SUM(O38-Q38) -> 576553.13 | S38: 14
B39: Nip.198008142007012008
A40: 15 | B40: A. DWI NUNGRAENI,S.Sos | C40: Penata Tk.I/IIId | D40: Analis Kinerja | E40: =SUM('PK PNS'!E38:E39) -> 7020 | F40: 440438 | G40: =SUM(F40*1%) -> 4404.38 | H40: =SUM(F40-G40) -> 436033.62 | I40: =SUM(H40*60%) -> 261620.17 | J40: =SUM('PK PNS'!I38:I39) -> 1 | K40: =SUM(I40*J40) -> 261620.17 | L40: =SUM(H40*40%) -> 174413.45 | M40: =SUM(L40*Tabel_Perhitungan!AB40) -> 17877.378 | N40: =SUM(L40-M40) -> 156536.07 | O40: =SUM(K40+N40) -> 418156.24 | P40: 0.05 | Q40: =SUM(O40*P40) -> 20907.812 | R40: =SUM(O40-Q40) -> 397248.43 | S40: 15
B41: Nip.198407292003122002
A42: 16 | B42: SAHARUNA, S.IP | C42: Penata Tk.I/IIId | D42: Analis Pengembangan Karir | E42: =SUM('PK PNS'!E40:E41) -> 6820 | F42: 440438 | G42: =SUM(F42*1%) -> 4404.38 | H42: =SUM(F42-G42) -> 436033.62 | I42: =SUM(H42*60%) -> 261620.17 | J42: =SUM('PK PNS'!I40:I41) -> 1 | K42: =SUM(I42*J42) -> 261620.17 | L42: =SUM(H42*40%) -> 174413.45 | M42: =SUM(L42*Tabel_Perhitungan!AB42) -> 8720.6724 | N42: =SUM(L42-M42) -> 165692.78 | O42: =SUM(K42+N42) -> 427312.95 | P42: 0.05 | Q42: =SUM(O42*P42) -> 21365.647 | R42: =SUM(O42-Q42) -> 405947.3 | S42: 16
B43: Nip.198001282007011013
A44: 17 | B44: MURNIATI TOLA, S.IP | C44: Penata/IIIc | D44: Pengelola Kepegawaian | E44: =SUM('PK PNS'!E42:E43) -> 6770 | F44: 382735 | G44: =SUM(F44*1%) -> 3827.35 | H44: =SUM(F44-G44) -> 378907.65 | I44: =SUM(H44*60%) -> 227344.59 | J44: =SUM('PK PNS'!I42:I43) -> 1 | K44: =SUM(I44*J44) -> 227344.59 | L44: =SUM(H44*40%) -> 151563.06 | M44: =SUM(L44*Tabel_Perhitungan!AB44) -> 6820.3377 | N44: =SUM(L44-M44) -> 144742.72 | O44: =SUM(K44+N44) -> 372087.31 | P44: 0.05 | Q44: =SUM(O44*P44) -> 18604.366 | R44: =SUM(O44-Q44) -> 353482.95 | S44: 17
B45: Nip.197801122008012011
A46: 18 | B46: NURHALISAH, A.Md | C46: Penata/IIIc | D46: Pranata Sumber Daya Manusia Aparatur Penyelia | E46: =SUM('PK PNS'!E44:E45) -> 7100 | F46: 499535 | G46: =SUM(F46*1%) -> 4995.35 | H46: =SUM(F46-G46) -> 494539.65 | I46: =SUM(H46*60%) -> 296723.79 | J46: =SUM('PK PNS'!I44:I45) -> 1 | K46: =SUM(I46*J46) -> 296723.79 | L46: =SUM(H46*40%) -> 197815.86 | M46: =SUM(L46*Tabel_Perhitungan!AB46) -> 11868.952 | N46: =SUM(L46-M46) -> 185946.91 | O46: =SUM(K46+N46) -> 482670.7 | P46: 0.05 | Q46: =SUM(O46*P46) -> 24133.535 | R46: =SUM(O46-Q46) -> 458537.16 | S46: 18
B47: Nip.198104302006042022
A48: 19 | B48: ANDI MUKHYAR IKHSAN, S.IP | C48: Penata/IIIc | D48: Pengadministrasi Umum Kepegawaian | E48: =SUM('PK PNS'!E46:E47) -> 7565 | F48: 319202 | G48: =SUM(F48*1%) -> 3192.02 | H48: =SUM(F48-G48) -> 316009.98 | I48: =SUM(H48*60%) -> 189605.99 | J48: =SUM('PK PNS'!I46:I47) -> 1 | K48: =SUM(I48*J48) -> 189605.99 | L48: =SUM(H48*40%) -> 126403.99 | M48: =SUM(L48*Tabel_Perhitungan!AB48) -> 16432.519 | N48: =SUM(L48-M48) -> 109971.47 | O48: =SUM(K48+N48) -> 299577.46 | P48: 0.05 | Q48: =SUM(O48*P48) -> 14978.873 | R48: =SUM(O48-Q48) -> 284598.59 | S48: 19
B49: Nip.198206032008011009
A50: 20 | B50: PERAWATI P, S.Si | C50: Penata/IIIc | D50: Penyusun Laporan Keuangan | E50: =SUM('PK PNS'!E48:E49) -> 7920 | F50: 440438 | G50: =SUM(F50*1%) -> 4404.38 | H50: =SUM(F50-G50) -> 436033.62 | I50: =SUM(H50*60%) -> 261620.17 | J50: =SUM('PK PNS'!I48:I49) -> 1 | K50: =SUM(I50*J50) -> 261620.17 | L50: =SUM(H50*40%) -> 174413.45 | M50: =SUM(L50*Tabel_Perhitungan!AB50) -> 0 | N50: =SUM(L50-M50) -> 174413.45 | O50: =SUM(K50+N50) -> 436033.62 | P50: 0.05 | Q50: =SUM(O50*P50) -> 21801.681 | R50: =SUM(O50-Q50) -> 414231.94 | S50: 20
B51: Nip.98210202012122004
A52: 21 | B52: SAMSIAH, S.IP | C52: Penata Tk.I/IIId | D52: Pengelola Gaji | E52: =SUM('PK PNS'!E50:E51) -> 6870 | F52: 382735 | G52: =SUM(F52*1%) -> 3827.35 | H52: =SUM(F52-G52) -> 378907.65 | I52: =SUM(H52*60%) -> 227344.59 | J52: =SUM('PK PNS'!I50:I51) -> 1 | K52: =SUM(I52*J52) -> 227344.59 | L52: =SUM(H52*40%) -> 151563.06 | M52: =SUM(L52*Tabel_Perhitungan!AB52) -> 0 | N52: =SUM(L52-M52) -> 151563.06 | O52: =SUM(K52+N52) -> 378907.65 | P52: 0.05 | Q52: =SUM(O52*P52) -> 18945.383 | R52: =SUM(O52-Q52) -> 359962.27 | S52: 21
B53: Nip.197909262006042013
A54: 22 | B54: MAQFUR SALEH, A.Md. Kom | C54: Penata/IIIc | D54: Pengelola Penyelengaraan Diklat | E54: =SUM('PK PNS'!E52:E53) -> 7421 | F54: 382735 | G54: =SUM(F54*1%) -> 3827.35 | H54: =SUM(F54-G54) -> 378907.65 | I54: =SUM(H54*60%) -> 227344.59 | J54: =SUM('PK PNS'!I52:I53) -> 1 | K54: =SUM(I54*J54) -> 227344.59 | L54: =SUM(H54*40%) -> 151563.06 | M54: =SUM(L54*Tabel_Perhitungan!AB54) -> 4546.8918 | N54: =SUM(L54-M54) -> 147016.17 | O54: =SUM(K54+N54) -> 374360.76 | P54: 0.05 | Q54: =SUM(O54*P54) -> 18718.038 | R54: =SUM(O54-Q54) -> 355642.72 | S54: 22
B55: Nip.198008182009011015
A56: 23 | B56: RUSMAN RUBAMA | C56: Penata Muda/IIIa | D56: Pengelola Surat | E56: =SUM('PK PNS'!E54:E55) -> 6840 | F56: 382735 | G56: =SUM(F56*1%) -> 3827.35 | H56: =SUM(F56-G56) -> 378907.65 | I56: =SUM(H56*60%) -> 227344.59 | J56: =SUM('PK PNS'!I54:I55) -> 1 | K56: =SUM(I56*J56) -> 227344.59 | L56: =SUM(H56*40%) -> 151563.06 | M56: =SUM(L56*Tabel_Perhitungan!AB56) -> 9093.7836 | N56: =SUM(L56-M56) -> 142469.28 | O56: =SUM(K56+N56) -> 369813.87 | P56: 0.05 | Q56: =SUM(O56*P56) -> 18490.693 | R56: =SUM(O56-Q56) -> 351323.17 | S56: 23
B57: Nip.197805032009011006
A58: 24 | B58: MUHAMMAD AKBAR, S.IP | C58: Penata Muda Tk.I/IIIb | D58: Bendahara | E58: =SUM('PK PNS'!E56:E57) -> 6780 | F58: 440438 | G58: =SUM(F58*1%) -> 4404.38 | H58: =SUM(F58-G58) -> 436033.62 | I58: =SUM(H58*60%) -> 261620.17 | J58: =SUM('PK PNS'!I56:I57) -> 1 | K58: =SUM(I58*J58) -> 261620.17 | L58: =SUM(H58*40%) -> 174413.45 | M58: =SUM(L58*Tabel_Perhitungan!AB58) -> 0 | N58: =SUM(L58-M58) -> 174413.45 | O58: =SUM(K58+N58) -> 436033.62 | P58: 0.05 | Q58: =SUM(O58*P58) -> 21801.681 | R58: =SUM(O58-Q58) -> 414231.94 | S58: 24
B59: Nip.198908082010011001
A60: 25 | B60: ZULKIFLI, SH | C60: Penata/IIIc | D60: Analis Sumber Daya Manusia Aparatur Ahli Muda | E60: =SUM('PK PNS'!E58:E59) -> 6775 | F60: 620474 | G60: =SUM(F60*1%) -> 6204.74 | H60: =SUM(F60-G60) -> 614269.26 | I60: =SUM(H60*60%) -> 368561.56 | J60: =SUM('PK PNS'!I58:I59) -> 1 | K60: =SUM(I60*J60) -> 368561.56 | L60: =SUM(H60*40%) -> 245707.7 | M60: =SUM(L60*Tabel_Perhitungan!AB60) -> 0 | N60: =SUM(L60-M60) -> 245707.7 | O60: =SUM(K60+N60) -> 614269.26 | P60: 0.05 | Q60: =SUM(O60*P60) -> 30713.463 | R60: =SUM(O60-Q60) -> 583555.8 | S60: 25
B61: Nip.198407012014121003
A62: 26 | B62: ABDUL RAHMAN MADJID, S.Kom | C62: Penata/IIIc | D62: Analis Sumber Daya Manusia Aparatur Ahli Muda | E62: =SUM('PK PNS'!E60:E61) -> 7200 | F62: 620474 | G62: =SUM(F62*1%) -> 6204.74 | H62: =SUM(F62-G62) -> 614269.26 | I62: =SUM(H62*60%) -> 368561.56 | J62: =SUM('PK PNS'!I60:I61) -> 1 | K62: =SUM(I62*J62) -> 368561.56 | L62: =SUM(H62*40%) -> 245707.7 | M62: =SUM(L62*Tabel_Perhitungan!AB62) -> 29484.924 | N62: =SUM(L62-M62) -> 216222.78 | O62: =SUM(K62+N62) -> 584784.34 | P62: 0.05 | Q62: =SUM(O62*P62) -> 29239.217 | R62: =SUM(O62-Q62) -> 555545.12 | S62: 26
B63: Nip.198010062011011003
A64: 27 | B64: MUNAWIR | C64: Penata Muda/IIIa | D64: Analis Sumber Daya Manusia Aparatur Ahli Pertama | E64: =SUM('PK PNS'!E62:E63) -> 7200 | F64: 499535 | G64: =SUM(F64*1%) -> 4995.35 | H64: =SUM(F64-G64) -> 494539.65 | I64: =SUM(H64*60%) -> 296723.79 | J64: =SUM('PK PNS'!I62:I63) -> 1 | K64: =SUM(I64*J64) -> 296723.79 | L64: =SUM(H64*40%) -> 197815.86 | M64: =SUM(L64*Tabel_Perhitungan!AB64) -> 2967.2379 | N64: =SUM(L64-M64) -> 194848.62 | O64: =SUM(K64+N64) -> 491572.41 | P64: 0.05 | Q64: =SUM(O64*P64) -> 24578.621 | R64: =SUM(O64-Q64) -> 466993.79 | S64: 27
B65: Nip.198512312014091001
A66: 28 | B66: HARIAWAN SAPUTRA, A.Md | C66: Pembia/IVa | D66: Analis Sumber Daya Manusia Aparatur Ahli Pertama | E66: =SUM('PK PNS'!E64:E65) -> 7210 | F66: 499535 | G66: =SUM(F66*1%) -> 4995.35 | H66: =SUM(F66-G66) -> 494539.65 | I66: =SUM(H66*60%) -> 296723.79 | J66: =SUM('PK PNS'!I64:I65) -> 1 | K66: =SUM(I66*J66) -> 296723.79 | L66: =SUM(H66*40%) -> 197815.86 | M66: =SUM(L66*Tabel_Perhitungan!AB66) -> 17803.427 | N66: =SUM(L66-M66) -> 180012.43 | O66: =SUM(K66+N66) -> 476736.22 | P66: 0.05 | Q66: =SUM(O66*P66) -> 23836.811 | R66: =SUM(O66-Q66) -> 452899.41 | S66: 28
B67: Nip.198602062009041004
A68: 29 | B68: MUH. ADE DJAFAR, S.Kom., M.AP | C68: Pembina/IVa | D68: Analis Sumber Daya Manusia Aparatur Ahli Muda | E68: =SUM('PK PNS'!E66:E67) -> 6900 | F68: 620474 | G68: =SUM(F68*1%) -> 6204.74 | H68: =SUM(F68-G68) -> 614269.26 | I68: =SUM(H68*60%) -> 368561.56 | J68: =SUM('PK PNS'!I66:I67) -> 1 | K68: =SUM(I68*J68) -> 368561.56 | L68: =SUM(H68*40%) -> 245707.7 | M68: =SUM(L68*Tabel_Perhitungan!AB68) -> 0 | N68: =SUM(L68-M68) -> 245707.7 | O68: =SUM(K68+N68) -> 614269.26 | P68: 0.15 | Q68: =SUM(O68*P68) -> 92140.389 | R68: =SUM(O68-Q68) -> 522128.87 | S68: 29
B69: Nip.198501042010011014
A70: 30 | B70: AHMAD DZULKARNAIN, S.Kom | C70: Penata/IIIc | D70: Analis Pengembangan Kompetensi | E70: =SUM('PK PNS'!E68:E69) -> 7643 | F70: 440438 | G70: =SUM(F70*1%) -> 4404.38 | H70: =SUM(F70-G70) -> 436033.62 | I70: =SUM(H70*60%) -> 261620.17 | J70: =SUM('PK PNS'!I68:I69) -> 1 | K70: =SUM(I70*J70) -> 261620.17 | L70: =SUM(H70*40%) -> 174413.45 | M70: =SUM(L70*Tabel_Perhitungan!AB70) -> 15697.21 | N70: =SUM(L70-M70) -> 158716.24 | O70: =SUM(K70+N70) -> 420336.41 | P70: 0.05 | Q70: =SUM(O70*P70) -> 21016.82 | R70: =SUM(O70-Q70) -> 399319.59 | S70: 30
B71: Nip.198511012014121001
A72: 31 | B72: WAHYUNI, S.IP | C72: Penata Muda Tk.I/IIIb | D72: Pengelola Surat | E72: =SUM('PK PNS'!E70:E71) -> 7275 | F72: 382735 | G72: =SUM(F72*1%) -> 3827.35 | H72: =SUM(F72-G72) -> 378907.65 | I72: =SUM(H72*60%) -> 227344.59 | J72: =SUM('PK PNS'!I70:I71) -> 1 | K72: =SUM(I72*J72) -> 227344.59 | L72: =SUM(H72*40%) -> 151563.06 | M72: =SUM(L72*Tabel_Perhitungan!AB72) -> 0 | N72: =SUM(L72-M72) -> 151563.06 | O72: =SUM(K72+N72) -> 378907.65 | P72: 0.05 | Q72: =SUM(O72*P72) -> 18945.383 | R72: =SUM(O72-Q72) -> 359962.27 | S72: 31
B73: Nip.19920228 201101 2 001
A74: 32 | B74: INDRIYANI, A.Md | C74: Penata/IIIc | D74: Pranata Sumber Daya Manusia Aparatur Penyelia | E74: =SUM('PK PNS'!E72:E73) -> 6759 | F74: 499535 | G74: =SUM(F74*1%) -> 4995.35 | H74: =SUM(F74-G74) -> 494539.65 | I74: =SUM(H74*60%) -> 296723.79 | J74: =SUM('PK PNS'!I72:I73) -> 1 | K74: =SUM(I74*J74) -> 296723.79 | L74: =SUM(H74*40%) -> 197815.86 | M74: =SUM(L74*Tabel_Perhitungan!AB74) -> 0 | N74: =SUM(L74-M74) -> 197815.86 | O74: =SUM(K74+N74) -> 494539.65 | P74: 0.05 | Q74: =SUM(O74*P74) -> 24726.983 | R74: =SUM(O74-Q74) -> 469812.67 | S74: 32
B75: Nip.198012292006042011
A76: 33 | B76: SYAFARUDDIN, S.Sos | C76: Penata/IIIc | D76: Analisis Pengembangan Karir | E76: =SUM('PK PNS'!E74:E75) -> 6820 | F76: 440438 | G76: =SUM(F76*1%) -> 4404.38 | H76: =SUM(F76-G76) -> 436033.62 | I76: =SUM(H76*60%) -> 261620.17 | J76: =SUM('PK PNS'!I74:I75) -> 1 | K76: =SUM(I76*J76) -> 261620.17 | L76: =SUM(H76*40%) -> 174413.45 | M76: =SUM(L76*Tabel_Perhitungan!AB76) -> 872.06724 | N76: =SUM(L76-M76) -> 173541.38 | O76: =SUM(K76+N76) -> 435161.55 | P76: 0.05 | Q76: =SUM(O76*P76) -> 21758.078 | R76: =SUM(O76-Q76) -> 413403.48 | S76: 33
B77: Nip.198308112009011004
A78: 34 | B78: MUH. SAHAL HALIM, S.Kom | C78: Penata/IIIc | D78: Pengelola Data | E78: =SUM('PK PNS'!E76:E77) -> 7100 | F78: 382735 | G78: =SUM(F78*1%) -> 3827.35 | H78: =SUM(F78-G78) -> 378907.65 | I78: =SUM(H78*60%) -> 227344.59 | J78: =SUM('PK PNS'!I76:I77) -> 1 | K78: =SUM(I78*J78) -> 227344.59 | L78: =SUM(H78*40%) -> 151563.06 | M78: =SUM(L78*Tabel_Perhitungan!AB78) -> 0 | N78: =SUM(L78-M78) -> 151563.06 | O78: =SUM(K78+N78) -> 378907.65 | P78: 0.05 | Q78: =SUM(O78*P78) -> 18945.383 | R78: =SUM(O78-Q78) -> 359962.27 | S78: 34
B79: Nip. 198511112015031002
A80: 35 | B80: FITRIA ULFA MAKMUR, S.E | C80: Penata Muda TK.I/IIIb | D80: Analis Sumber Daya Manusia Aparatur Ahli Pertama | E80: =SUM('PK PNS'!E78:E79) -> 6835 | F80: 499535 | G80: =SUM(F80*1%) -> 4995.35 | H80: =SUM(F80-G80) -> 494539.65 | I80: =SUM(H80*60%) -> 296723.79 | J80: =SUM('PK PNS'!I78:I79) -> 1 | K80: =SUM(I80*J80) -> 296723.79 | L80: =SUM(H80*40%) -> 197815.86 | M80: =SUM(L80*Tabel_Perhitungan!AB80) -> 0 | N80: =SUM(L80-M80) -> 197815.86 | O80: =SUM(K80+N80) -> 494539.65 | P80: 0.05 | Q80: =SUM(O80*P80) -> 24726.983 | R80: =SUM(O80-Q80) -> 469812.67 | S80: 35
B81: Nip. 199004242022022001
A82: 36 | B82: TRIANTO UTOMO, S.E | C82: Penata Muda TK.I/IIIb | D82: Analis Sumber Daya Manusia Aparatur Ahli Pertama | E82: =SUM('PK PNS'!E80:E81) -> 6885 | F82: 499535 | G82: =SUM(F82*1%) -> 4995.35 | H82: =SUM(F82-G82) -> 494539.65 | I82: =SUM(H82*60%) -> 296723.79 | J82: =SUM('PK PNS'!I80:I81) -> 1 | K82: =SUM(I82*J82) -> 296723.79 | L82: =SUM(H82*40%) -> 197815.86 | M82: =SUM(L82*Tabel_Perhitungan!AB82) -> 20770.665 | N82: =SUM(L82-M82) -> 177045.19 | O82: =SUM(K82+N82) -> 473768.98 | P82: 0.05 | Q82: =SUM(O82*P82) -> 23688.449 | R82: =SUM(O82-Q82) -> 450080.54 | S82: 36
B83: Nip. 199306042022021001
A84: 37 | B84: YUYUN ELVANDARI PUTRI | C84: Pengatur /IIc | D84: Pengelola Pemanfaatan Barang Milik Daerah | E84: =SUM('PK PNS'!E82:E83) -> 7445 | F84: 382735 | G84: =SUM(F84*1%) -> 3827.35 | H84: =SUM(F84-G84) -> 378907.65 | I84: =SUM(H84*60%) -> 227344.59 | J84: =SUM('PK PNS'!I82:I83) -> 1 | K84: =SUM(I84*J84) -> 227344.59 | L84: =SUM(H84*40%) -> 151563.06 | M84: =SUM(L84*Tabel_Perhitungan!AB84) -> 0 | N84: =SUM(L84-M84) -> 151563.06 | O84: =SUM(K84+N84) -> 378907.65 | Q84: =SUM(O84*P84) -> 0 | R84: =SUM(O84-Q84) -> 378907.65 | S84: 37
B85: Nip. 198408222014062006
A86: 38 | B86: INDAH WAHYUNI, S.E | C86: Penata Muda/IIIa | D86: Pengadministrasi Tugas Belajar dan Ijin Belajar | E86: =SUM('PK PNS'!E84:E85) -> 7435 | F86: 319202 | G86: =SUM(F86*1%) -> 3192.02 | H86: =SUM(F86-G86) -> 316009.98 | I86: =SUM(H86*60%) -> 189605.99 | J86: =SUM('PK PNS'!I84:I85) -> 1 | K86: =SUM(I86*J86) -> 189605.99 | L86: =SUM(H86*40%) -> 126403.99 | M86: =SUM(L86*Tabel_Perhitungan!AB86) -> 8216.2595 | N86: =SUM(L86-M86) -> 118187.73 | O86: =SUM(K86+N86) -> 307793.72 | P86: 0.05 | Q86: =SUM(O86*P86) -> 15389.686 | R86: =SUM(O86-Q86) -> 292404.03 | S86: 38
B87: Nip. 198610222012122002
A88: 39 | B88: FAHMI SYARIF, S.Kom, MM | C88: Penata Tk.I/IIId | D88: Pranata Diklat | E88: =SUM('PK PNS'!E86:E87) -> 7662 | F88: 382735 | G88: =SUM(F88*1%) -> 3827.35 | H88: =SUM(F88-G88) -> 378907.65 | I88: =SUM(H88*60%) -> 227344.59 | J88: =SUM('PK PNS'!I86:I87) -> 1 | K88: =SUM(I88*J88) -> 227344.59 | L88: =SUM(H88*40%) -> 151563.06 | M88: =SUM(L88*Tabel_Perhitungan!AB88) -> 21597.736 | N88: =SUM(L88-M88) -> 129965.32 | O88: =SUM(K88+N88) -> 357309.91 | P88: 0.05 | Q88: =SUM(O88*P88) -> 17865.496 | R88: =SUM(O88-Q88) -> 339444.42 | S88: 39
B89: Nip. 198412102011011009
A90: 40 | B90: WATI, S.AN | C90: Penata Tk.I/IIId | D90: Pengelola Situs atau Web | E90: =SUM('PK PNS'!E88:E89) -> 7705 | F90: 382735 | G90: =SUM(F90*1%) -> 3827.35 | H90: =SUM(F90-G90) -> 378907.65 | I90: =SUM(H90*60%) -> 227344.59 | J90: =SUM('PK PNS'!I88:I89) -> 1 | K90: =SUM(I90*J90) -> 227344.59 | L90: =SUM(H90*40%) -> 151563.06 | M90: =SUM(L90*Tabel_Perhitungan!AB90) -> 0 | N90: =SUM(L90-M90) -> 151563.06 | O90: =SUM(K90+N90) -> 378907.65 | P90: 0.05 | Q90: =SUM(O90*P90) -> 18945.383 | R90: =SUM(O90-Q90) -> 359962.27 | S90: 40
B91: Nip. 198008172007012023
A92: 41 | B92: SHALSHA ANUGRAH RAHMAN, S.Tr.I.P | C92: Penata Muda/IIIa | D92: Analis Penegakan Integritas dan Disiplin SDM Aparatur | E92: =SUM('PK PNS'!E90:E91) -> 6810 | F92: 440438 | G92: =SUM(F92*1%) -> 4404.38 | H92: =SUM(F92-G92) -> 436033.62 | I92: =SUM(H92*60%) -> 261620.17 | J92: =SUM('PK PNS'!I90:I91) -> 1 | K92: =SUM(I92*J92) -> 261620.17 | L92: =SUM(H92*40%) -> 174413.45 | M92: =SUM(L92*Tabel_Perhitungan!AB92) -> 0 | N92: =SUM(L92-M92) -> 174413.45 | O92: =SUM(K92+N92) -> 436033.62 | P92: 0.05 | Q92: =SUM(O92*P92) -> 21801.681 | R92: =SUM(O92-Q92) -> 414231.94 | S92: 41
B93: Nip. 200109302023082001
A94: 42 | B94: FRIDA SYAHRUNINNISA, S.Psi | C94: CPNS/IIIa | D94: Asesor Sumber Daya Manusia Ahli Pertama | E94: =SUM('PK PNS'!E92:E93) -> 7890 | F94: =SUM(499535*80%) -> 399628 | G94: =SUM(F94*1%) -> 3996.28 | H94: =SUM(F94-G94) -> 395631.72 | I94: =SUM(H94*60%) -> 237379.03 | J94: =SUM('PK PNS'!I92:I93) -> 1 | K94: =SUM(I94*J94) -> 237379.03 | L94: =SUM(H94*40%) -> 158252.69 | M94: =SUM(L94*Tabel_Perhitungan!AB94) -> 0 | N94: =SUM(L94-M94) -> 158252.69 | O94: =SUM(K94+N94) -> 395631.72 | P94: 0.05 | Q94: =SUM(O94*P94) -> 19781.586 | R94: =SUM(O94-Q94) -> 375850.13 | S94: 42
B95: Nip. 199908012025042004
A96: 43 | B96: ANDI REZKY ANANDA AMALIA, S.E, | C96: CPNS/IIIa | D96: Asesor Sumber Daya Manusia Ahli Pertama | E96: =SUM('PK PNS'!E94:E95) -> 7290 | F96: =SUM(499535*80%) -> 399628 | G96: =SUM(F96*1%) -> 3996.28 | H96: =SUM(F96-G96) -> 395631.72 | I96: =SUM(H96*60%) -> 237379.03 | J96: =SUM('PK PNS'!I94:I95) -> 1 | K96: =SUM(I96*J96) -> 237379.03 | L96: =SUM(H96*40%) -> 158252.69 | M96: =SUM(L96*Tabel_Perhitungan!AB96) -> 0 | N96: =SUM(L96-M96) -> 158252.69 | O96: =SUM(K96+N96) -> 395631.72 | P96: 0.05 | Q96: =SUM(O96*P96) -> 19781.586 | R96: =SUM(O96-Q96) -> 375850.13 | S96: 43
B97: Nip. 199910052025042003
A98: 44 | B98: RAHMI HALMIYAH. S. S.Psi | C98: CPNS/IIIa | D98: Asesor Sumber Daya Manusia Ahli Pertama | E98: =SUM('PK PNS'!E96:E97) -> 7320 | F98: =SUM(499535*80%) -> 399628 | G98: =SUM(F98*1%) -> 3996.28 | H98: =SUM(F98-G98) -> 395631.72 | I98: =SUM(H98*60%) -> 237379.03 | J98: =SUM('PK PNS'!I96:I97) -> 1 | K98: =SUM(I98*J98) -> 237379.03 | L98: =SUM(H98*40%) -> 158252.69 | M98: =SUM(L98*Tabel_Perhitungan!AB98) -> 0 | N98: =SUM(L98-M98) -> 158252.69 | O98: =SUM(K98+N98) -> 395631.72 | P98: 0.05 | Q98: =SUM(O98*P98) -> 19781.586 | R98: =SUM(O98-Q98) -> 375850.13 | S98: 44
B99: Nip. 199902152025042001
A100: 45 | B100: RINI SAHRAINI, S.Sos | C100: CPNS/IIIa | D100: Asesor Sumber Daya Manusia Ahli Pertama | E100: =SUM('PK PNS'!E98:E99) -> 8005 | F100: =SUM(499535*80%) -> 399628 | G100: =SUM(F100*1%) -> 3996.28 | H100: =SUM(F100-G100) -> 395631.72 | I100: =SUM(H100*60%) -> 237379.03 | J100: =SUM('PK PNS'!I98:I99) -> 1 | K100: =SUM(I100*J100) -> 237379.03 | L100: =SUM(H100*40%) -> 158252.69 | M100: =SUM(L100*Tabel_Perhitungan!AB100) -> 0 | N100: =SUM(L100-M100) -> 158252.69 | O100: =SUM(K100+N100) -> 395631.72 | P100: 0.05 | Q100: =SUM(O100*P100) -> 19781.586 | R100: =SUM(O100-Q100) -> 375850.13 | S100: 45
B101: Nip. 199905112025042002
A102: 46 | B102: MUH. RIZAL SYAHRIAR, S.A.P | C102: CPNS/IIIa | D102: Asesor Sumber Daya Manusia Ahli Pertama | E102: =SUM('PK PNS'!E100:E101) -> 7790 | F102: =SUM(499535*80%) -> 399628 | G102: =SUM(F102*1%) -> 3996.28 | H102: =SUM(F102-G102) -> 395631.72 | I102: =SUM(H102*60%) -> 237379.03 | J102: =SUM('PK PNS'!I100:I101) -> 1 | K102: =SUM(I102*J102) -> 237379.03 | L102: =SUM(H102*40%) -> 158252.69 | M102: =SUM(L102*Tabel_Perhitungan!AB102) -> 0 | N102: =SUM(L102-M102) -> 158252.69 | O102: =SUM(K102+N102) -> 395631.72 | P102: 0.05 | Q102: =SUM(O102*P102) -> 19781.586 | R102: =SUM(O102-Q102) -> 375850.13 | S102: 46
B103: Nip.199210082025041001
A104: 47 | B104: SAFIRAH RIFANI FARID, S.M | C104: CPNS/IIIa | D104: Asesor Sumber Daya Manusia Ahli Pertama | E104: =SUM('PK PNS'!E102:E103) -> 7320 | F104: =SUM(499535*80%) -> 399628 | G104: =SUM(F104*1%) -> 3996.28 | H104: =SUM(F104-G104) -> 395631.72 | I104: =SUM(H104*60%) -> 237379.03 | J104: =SUM('PK PNS'!I102:I103) -> 1 | K104: =SUM(I104*J104) -> 237379.03 | L104: =SUM(H104*40%) -> 158252.69 | M104: =SUM(L104*Tabel_Perhitungan!AB104) -> 0 | N104: =SUM(L104-M104) -> 158252.69 | O104: =SUM(K104+N104) -> 395631.72 | P104: 0.05 | Q104: =SUM(O104*P104) -> 19781.586 | R104: =SUM(O104-Q104) -> 375850.13 | S104: 47
...

Sheet TPP KK
A2: TABEL PERHITUNGAN TPP KONDISI KERJA (KK)
A5: PERANGKAT DAERAH | C5: : BADAN KEPEGAWAIAN DAN PENGEMBAGAN SUMBER DAYA MANUSIA
A6: BULAN | C6: : AGUSTUS 2026
A8: NO | B8: NAMA/NIP | C8: PANGKAT/GOL. RUANG | D8: JABATAN | E8: JUMLAH WKE | F8: JENIS TPP | G8: BPJS 1% | H8: JUMLAH TPP SETELAH POTONGAN BPJS | I8: PREDIKAT KINERJA | L8: DISIPLIN KERJA | O8: JUMLAH TPP KOTOR | P8: PPh 21 | R8: JUMLAH TPP BERSIH | S8: TANDA TANGAN
F9: TPP KK | I9: TPP (60%) | J9: % KINERJA PEGAWAI | K9: JUMLAH | L9: TPP (40%) | M9: PENGURANGAN | N9: JUMLAH
A10: 1 | B10: 2 | C10: 3 | D10: 4 | E10: 5 | F10: 6 | G10: 7(6*1%) | H10: 8(6-7) | I10: 9(8*60%) | J10: 10 | K10: 11(8*9) | L10: 12(8*40%) | M10: 13 | N10: 14(12-13) | O10: 15(11+14) | P10: 16 | R10: 17(15-16) | S10: 18
A12: 1 | B12: ANDI HIZBULLAH MASTAR, SKM., M.Kes | C12: Pembina Tk.I/IVb | D12: Kepala BKPSDM | E12: =SUM('PK PNS'!E10:E11) -> 9020 | F12: 453089 | G12: =SUM(F12*1%) -> 4530.89 | H12: =SUM(F12-G12) -> 448558.11 | I12: =SUM(H12*60%) -> 269134.87 | J12: =SUM('PK PNS'!I10:I11) -> 1 | K12: =SUM(I12*J12) -> 269134.87 | L12: =SUM(H12*40%) -> 179423.24 | M12: =SUM(L12*Tabel_Perhitungan!AB12) -> 0 | N12: =SUM(L12-M12) -> 179423.24 | O12: =SUM(K12+N12) -> 448558.11 | P12: 0.15 | Q12: =SUM(O12*P12) -> 67283.716 | R12: =SUM(O12-Q12) -> 381274.39 | S12: 1
B13: Nip.197601072003121007
B16: JUMLAH | F16: =SUM(F12:F15) -> 453089 | G16: =SUM(G12:G13) -> 4530.89 | H16: =SUM(H12:H13) -> 448558.11 | I16: =SUM(I12:I13) -> 269134.87 | K16: =SUM(K12:K13) -> 269134.87 | L16: =SUM(L12:L13) -> 179423.24 | M16: =SUM(M12:M13) -> 0 | N16: =SUM(N12:N13) -> 179423.24 | O16: =SUM(O12:O13) -> 448558.11 | P16: =SUM(Q12:Q13) -> 67283.716 | R16: =SUM(R12:R13) -> 381274.39
O19: Polewali, 28 September 2026
O21: KEPALA BADAN KEPEGAWAIAN DAN
O22: PENGEMBANGAN SUMBER DAYA MANUSIA
O26: ANDI HIZBULLAH MASTAR, SKM., M.Kes
O27: Pangkat | P27: : Pembina Tk.I
O28: NIP. | P28: : 197601072003121007
U51: Jumlah Kotor | V51: BPJS | W51: Jumlah Kotor + BPJS | X51: PPH 21 | Y51: Jml Kotor-PPh 21

Sheet TPP REKAP BK&KK
A2: TABEL PERHITUNGAN TPP BEBAN KERJA DAN KONDISI KERJA (BK & KK)
A5: PERANGKAT DAERAH | C5: : BADAN KEPEGAWAIAN DAN PENGEMBAGAN SUMBER DAYA MANUSIA
A6: BULAN | C6: : AGUSTUS 2026
A8: NO | B8: NAMA/NIP | C8: PANGKAT/GOL. RUANG | D8: JABATAN | E8: JUMLAH WKE | F8: JENIS TPP | H8: JUMLAH TPP | I8: BPJS 1% | J8: JUMLAH TPP SETELAH POTONGAN BPJS | K8: PREDIKAT KINERJA | N8: DISIPLIN KERJA | Q8: JUMLAH TPP KOTOR | R8: PPh 21 | T8: JUMLAH TPP BERSIH | U8: TANDA TANGAN
F9: TPP BK | G9: TPP KK | K9: TPP (60%) | L9: % KINERJA PEGAWAI | M9: JUMLAH | N9: TPP (40%) | O9: PENGURANGAN | P9: JUMLAH
A10: 1 | B10: 2 | C10: 3 | D10: 4 | E10: 5 | F10: 6 | G10: 8 | H10: 9 (6+8) | I10: 10(9*1%) | J10: 11(9-10) | K10: 12(11*60%) | L10: 13 | M10: 14(12*13) | N10: 15(11*40%) | O10: 16 | P10: 17(15-16) | Q10: 18(12+17) | R10: 19(18*19) | T10: 20(18-19) | U10: 21
A12: 1 | B12: ANDI HIZBULLAH MASTAR, SKM., M.Kes | C12: Pembina Tk.I/IVb | D12: Kepala BKPSDM | E12: =SUM('PK PNS'!E10:E11) -> 9020 | F12: 1288527 | G12: 453089 | H12: =SUM(F12:G13) -> 1741616 | I12: =SUM(H12*1%) -> 17416.16 | J12: =SUM(H12-I12) -> 1724199.8 | K12: =SUM(J12*60%) -> 1034519.9 | L12: =SUM('PK PNS'!I10:I11) -> 1 | M12: =SUM(K12*L12) -> 1034519.9 | N12: =SUM(J12*40%) -> 689679.94 | O12: =SUM(N12*Tabel_Perhitungan!AB12) -> 0 | P12: =SUM(N12-O12) -> 689679.94 | Q12: =SUM(M12+P12) -> 1724199.8 | R12: 0.15 | S12: =SUM(Q12*R12) -> 258629.98 | T12: =SUM(Q12-S12) -> 1465569.9 | U12: 1 | W12: 17416.16 | X12: 1724199.8 | Y12: =SUM(S12) -> 258629.98
B13: Nip.197601072003121007 | W13: 11177.34 | X13: 1106556.7 | Y13: =SUM(S14) -> 165983.5
A14: 2 | B14: Drs. SARIANTO | C14: Pembina Tk.I/IVb | D14: Sekretaris BKPSDM | E14: =SUM('PK PNS'!E12:E13) -> 8460 | F14: 1117734 | G14: 0 | H14: =SUM(F14:G15) -> 1117734 | I14: =SUM(H14*1%) -> 11177.34 | J14: =SUM(H14-I14) -> 1106556.7 | K14: =SUM(J14*60%) -> 663934 | L14: =SUM('PK PNS'!I12:I13) -> 1 | M14: =SUM(K14*L14) -> 663934 | N14: =SUM(J14*40%) -> 442622.66 | O14: =SUM(N14*Tabel_Perhitungan!AB14) -> 0 | P14: =SUM(N14-O14) -> 442622.66 | Q14: =SUM(M14+P14) -> 1106556.7 | R14: 0.15 | S14: =SUM(Q14*R14) -> 165983.5 | T14: =SUM(Q14-S14) -> 940573.16 | U14: 2 | W14: 9664.32 | X14: 956767.68
B15: Nip.197207051992031005 | W15: 9664.32 | X15: 956767.68
A16: 3 | B16: MUHAMMAD BAHRUM.S.Sos | C16: Pembina/IVa | D16: Kabid. Amidnistrasi Kepegawaian | E16: =SUM('PK PNS'!E14:E15) -> 8400 | F16: 966432 | G16: 0 | H16: =SUM(F16:G17) -> 966432 | I16: =SUM(H16*1%) -> 9664.32 | J16: =SUM(H16-I16) -> 956767.68 | K16: =SUM(J16*60%) -> 574060.61 | L16: =SUM('PK PNS'!I14:I15) -> 1 | M16: =SUM(K16*L16) -> 574060.61 | N16: =SUM(J16*40%) -> 382707.07 | O16: =SUM(N16*Tabel_Perhitungan!AB16) -> 0 | P16: =SUM(N16-O16) -> 382707.07 | Q16: =SUM(M16+P16) -> 956767.68 | R16: 0.15 | S16: =SUM(Q16*R16) -> 143515.15 | T16: =SUM(Q16-S16) -> 813252.53 | U16: 3 | W16: 9664.32 | X16: 956767.68
B17: Nip.198110282000031001 | W17: 6215.37 | X17: 615321.63
A18: 4 | B18: ZETH DIANTO N.G, S.IP, M.Si | C18: Pembina/IVa | D18: Ka. Bidang Pengadaan, Informasi & Kinerja Pegawai | E18: =SUM('PK PNS'!E16:E17) -> 6870 | F18: 966432 | G18: 0 | H18: =SUM(F18:G19) -> 966432 | I18: =SUM(H18*1%) -> 9664.32 | J18: =SUM(H18-I18) -> 956767.68 | K18: =SUM(J18*60%) -> 574060.61 | L18: =SUM('PK PNS'!I16:I17) -> 1 | M18: =SUM(K18*L18) -> 574060.61 | N18: =SUM(J18*40%) -> 382707.07 | O18: =SUM(N18*Tabel_Perhitungan!AB18) -> 0 | P18: =SUM(N18-O18) -> 382707.07 | Q18: =SUM(M18+P18) -> 956767.68 | R18: 0.15 | S18: =SUM(Q18*R18) -> 143515.15 | T18: =SUM(Q18-S18) -> 813252.53 | U18: 4 | W18: 4995.35 | X18: 494539.65
B19: Nip. 197411071993031003 | W19: 11177.34 | X19: 1106556.7
A20: 5 | B20: MUHAMMAD NARWIS, S.STP., MA. | C20: Pembina/IVa | D20: Ka. Bidang Pendidikan & Pelatihan | E20: =SUM('PK PNS'!E18:E19) -> 7643 | F20: 966432 | G20: 0 | H20: =SUM(F20:G21) -> 966432 | I20: =SUM(H20*1%) -> 9664.32 | J20: =SUM(H20-I20) -> 956767.68 | K20: =SUM(J20*60%) -> 574060.61 | L20: =SUM('PK PNS'!I18:I19) -> 1 | M20: =SUM(K20*L20) -> 574060.61 | N20: =SUM(J20*40%) -> 382707.07 | O20: =SUM(N20*Tabel_Perhitungan!AB20) -> 0 | P20: =SUM(N20-O20) -> 382707.07 | Q20: =SUM(M20+P20) -> 956767.68 | R20: 0.15 | S20: =SUM(Q20*R20) -> 143515.15 | T20: =SUM(Q20-S20) -> 813252.53 | U20: 5 | W20: 11177.34 | X20: 1106556.7
B21: Nip. 198610182006021001 | W21: 6204.74 | X21: 595226.91
A22: 6 | B22: ANDI SYAMSIAH, SE | C22: Penata Tk.I/IIId | D22: Ka. Sub. Bagian Keuangan, Perencanaan & Pelaporan | E22: =SUM('PK PNS'!E20:E21) -> 7400 | F22: 621537 | G22: 0 | H22: =SUM(F22:G23) -> 621537 | I22: =SUM(H22*1%) -> 6215.37 | J22: =SUM(H22-I22) -> 615321.63 | K22: =SUM(J22*60%) -> 369192.98 | L22: =SUM('PK PNS'!I20:I21) -> 1 | M22: =SUM(K22*L22) -> 369192.98 | N22: =SUM(J22*40%) -> 246128.65 | O22: =SUM(N22*Tabel_Perhitungan!AB22) -> 0 | P22: =SUM(N22-O22) -> 246128.65 | Q22: =SUM(M22+P22) -> 615321.63 | R22: 0.05 | S22: =SUM(Q22*R22) -> 30766.082 | T22: =SUM(Q22-S22) -> 584555.55 | U22: 6 | W22: 11177.34 | X22: 1093278
B23: Nip.197408082006042026 | W23: 4404.38 | X23: 426876.91
A24: 7 | B24: AKHSAN, S.IP | C24: Penata Tk.I/IIId | D24: Plt. Ka. Sub. Bagian Umum & Kepegawaian | E24: =SUM('PK PNS'!E22:E23) -> 7700 | F24: 499535 | G24: 0 | H24: =SUM(F24:G25) -> 499535 | I24: =SUM(H24*1%) -> 4995.35 | J24: =SUM(H24-I24) -> 494539.65 | K24: =SUM(J24*60%) -> 296723.79 | L24: =SUM('PK PNS'!I22:I23) -> 1 | M24: =SUM(K24*L24) -> 296723.79 | N24: =SUM(J24*40%) -> 197815.86 | O24: =SUM(N24*Tabel_Perhitungan!AB24) -> 0 | P24: =SUM(N24-O24) -> 197815.86 | Q24: =SUM(M24+P24) -> 494539.65 | R24: 0.05 | S24: =SUM(Q24*R24) -> 24726.983 | T24: =SUM(Q24-S24) -> 469812.67 | U24: 7 | W24: 0 | X24: 0
B25: Nip.197612312007011093 | W25: 6204.74 | X25: 606898.03
A26: 8 | B26: R I D W A N, S.Sos | C26: Penata Tk.I/IIId | D26: Analis SDM Aparatur Ahli Madya | E26: =SUM('PK PNS'!E24:E25) -> 7870 | F26: 1117734 | G26: 0 | H26: =SUM(F26:G27) -> 1117734 | I26: =SUM(H26*1%) -> 11177.34 | J26: =SUM(H26-I26) -> 1106556.7 | K26: =SUM(J26*60%) -> 663934 | L26: =SUM('PK PNS'!I24:I25) -> 1 | M26: =SUM(K26*L26) -> 663934 | N26: =SUM(J26*40%) -> 442622.66 | O26: =SUM(N26*Tabel_Perhitungan!AB26) -> 0 | P26: =SUM(N26-O26) -> 442622.66 | Q26: =SUM(M26+P26) -> 1106556.7 | R26: 0.05 | S26: =SUM(Q26*R26) -> 55327.833 | T26: =SUM(Q26-S26) -> 1051228.8 | U26: 8 | W26: 4404.38 | X26: 418156.24
B27: Nip.196909121994031008 | W27: 4404.38 | X27: 427312.95
A28: 9 | B28: AMIR SAPIRIHAR, S.Sos | C28: Pembina/IVa | D28: Analis SDM Aparatur Ahli Madya | E28: =SUM('PK PNS'!E26:E27) -> 7025 | F28: 1117734 | G28: 0 | H28: =SUM(F28:G29) -> 1117734 | I28: =SUM(H28*1%) -> 11177.34 | J28: =SUM(H28-I28) -> 1106556.7 | K28: =SUM(J28*60%) -> 663934 | L28: =SUM('PK PNS'!I26:I27) -> 1 | M28: =SUM(K28*L28) -> 663934 | N28: =SUM(J28*40%) -> 442622.66 | O28: =SUM(N28*Tabel_Perhitungan!AB28) -> 0 | P28: =SUM(N28-O28) -> 442622.66 | Q28: =SUM(M28+P28) -> 1106556.7 | R28: 0.15 | S28: =SUM(Q28*R28) -> 165983.5 | T28: =SUM(Q28-S28) -> 940573.16 | U28: 9 | W28: 3827.35 | X28: 372087.31
B29: Nip.196804242000031013 | W29: 4995.35 | X29: 482670.7
A30: 10 | B30: ARY ARFAN, SAP, M.Si | C30: Penata Tk.I/IIId | D30: Analis Pengembangan Kompetensi Aparatur Sipil Negara Ahli Muda | E30: =SUM('PK PNS'!E28:E29) -> 8355 | F30: 620474 | G30: 0 | H30: =SUM(F30:G31) -> 620474 | I30: =SUM(H30*1%) -> 6204.74 | J30: =SUM(H30-I30) -> 614269.26 | K30: =SUM(J30*60%) -> 368561.56 | L30: =SUM('PK PNS'!I28:I29) -> 1 | M30: =SUM(K30*L30) -> 368561.56 | N30: =SUM(J30*40%) -> 245707.7 | O30: =SUM(N30*Tabel_Perhitungan!AB30) -> 19042.347 | P30: =SUM(N30-O30) -> 226665.36 | Q30: =SUM(M30+P30) -> 595226.91 | R30: 0.05 | S30: =SUM(Q30*R30) -> 29761.346 | T30: =SUM(Q30-S30) -> 565465.57 | U30: 10 | W30: 3192.02 | X30: 299577.46
B31: Nip.198304082008011011 | W31: 4404.38 | X31: 436033.62
A32: 11 | B32: MUKTI FAHDIANSYAH, S.STP | C32: Pembina/IVa | D32: Analis SDM Aparatur Ahli Madya | E32: =SUM('PK PNS'!E30:E31) -> 8420 | F32: 1117734 | G32: 0 | H32: =SUM(F32:G33) -> 1117734 | I32: =SUM(H32*1%) -> 11177.34 | J32: =SUM(H32-I32) -> 1106556.7 | K32: =SUM(J32*60%) -> 663934 | L32: =SUM('PK PNS'!I30:I31) -> 1 | M32: =SUM(K32*L32) -> 663934 | N32: =SUM(J32*40%) -> 442622.66 | O32: =SUM(N32*Tabel_Perhitungan!AB32) -> 13278.68 | P32: =SUM(N32-O32) -> 429343.98 | Q32: =SUM(M32+P32) -> 1093278 | R32: 0.15 | S32: =SUM(Q32*R32) -> 163991.7 | T32: =SUM(Q32-S32) -> 929286.28 | U32: 11 | W32: 3827.35 | X32: 378907.65
B33: Nip.198608032006021001 | W33: 3827.35 | X33: 374360.76
A34: 12 | B34: KHALIL ACO, S.Sos | C34: Penata Tk.I/IIId | D34: Analis Pengembangan Karir pada Sub Bidang Kepangkatan | E34: =SUM('PK PNS'!E32:E33) -> 6885 | F34: 440438 | G34: 0 | H34: =SUM(F34:G35) -> 440438 | I34: =SUM(H34*1%) -> 4404.38 | J34: =SUM(H34-I34) -> 436033.62 | K34: =SUM(J34*60%) -> 261620.17 | L34: =SUM('PK PNS'!I32:I33) -> 1 | M34: =SUM(K34*L34) -> 261620.17 | N34: =SUM(J34*40%) -> 174413.45 | O34: =SUM(N34*Tabel_Perhitungan!AB34) -> 9156.706 | P34: =SUM(N34-O34) -> 165256.74 | Q34: =SUM(M34+P34) -> 426876.91 | R34: 0.05 | S34: =SUM(Q34*R34) -> 21343.846 | T34: =SUM(Q34-S34) -> 405533.07 | U34: 12 | W34: 3827.35 | X34: 369813.87
B35: Nip.196912311994031108 | W35: 4404.38 | X35: 436033.62
A36: 13 | B36: A I D I L, S.Sos | C36: Penata Tk.I/IIId | D36: Pranata Sidik Jari pada Sub Bidang Pembinaan Disiplin dan Kinerja/Anggota PPTK | E36: =SUM('PK PNS'!E34:E35) -> 0 | F36: 0 | G36: 0 | H36: =SUM(F36:G37) -> 0 | I36: =SUM(H36*1%) -> 0 | J36: =SUM(H36-I36) -> 0 | K36: =SUM(J36*60%) -> 0 | L36: =SUM('PK PNS'!I34:I35) -> 0 | M36: =SUM(K36*L36) -> 0 | N36: =SUM(J36*40%) -> 0 | O36: =SUM(N36*Tabel_Perhitungan!AB36) -> 0 | P36: =SUM(N36-O36) -> 0 | Q36: =SUM(M36+P36) -> 0 | R36: 0.05 | S36: =SUM(Q36*R36) -> 0 | T36: =SUM(Q36-S36) -> 0 | U36: 13 | W36: 6204.74 | X36: 614269.26
B37: Nip.196901191996031005 | W37: 6204.74 | X37: 584784.34
A38: 14 | B38: NASMAH H, SIP | C38: Penata Tk.I/IIId | D38: Analis Sumber Daya Manusia Aparatur Ahli Muda | E38: =SUM('PK PNS'!E36:E37) -> 7655 | F38: 620474 | G38: 0 | H38: =SUM(F38:G39) -> 620474 | I38: =SUM(H38*1%) -> 6204.74 | J38: =SUM(H38-I38) -> 614269.26 | K38: =SUM(J38*60%) -> 368561.56 | L38: =SUM('PK PNS'!I36:I37) -> 1 | M38: =SUM(K38*L38) -> 368561.56 | N38: =SUM(J38*40%) -> 245707.7 | O38: =SUM(N38*Tabel_Perhitungan!AB38) -> 7371.2311 | P38: =SUM(N38-O38) -> 238336.47 | Q38: =SUM(M38+P38) -> 606898.03 | R38: 0.05 | S38: =SUM(Q38*R38) -> 30344.901 | T38: =SUM(Q38-S38) -> 576553.13 | U38: 14 | W38: 4995.35 | X38: 491572.41
B39: Nip.198008142007012008 | W39: 4995.35 | X39: 476736.22
A40: 15 | B40: A. DWI NUNGRAENI,S.Sos | C40: Penata Tk.I/IIId | D40: Analis Kinerja | E40: =SUM('PK PNS'!E38:E39) -> 7020 | F40: 440438 | G40: 0 | H40: =SUM(F40:G41) -> 440438 | I40: =SUM(H40*1%) -> 4404.38 | J40: =SUM(H40-I40) -> 436033.62 | K40: =SUM(J40*60%) -> 261620.17 | L40: =SUM('PK PNS'!I38:I39) -> 1 | M40: =SUM(K40*L40) -> 261620.17 | N40: =SUM(J40*40%) -> 174413.45 | O40: =SUM(N40*Tabel_Perhitungan!AB40) -> 17877.378 | P40: =SUM(N40-O40) -> 156536.07 | Q40: =SUM(M40+P40) -> 418156.24 | R40: 0.05 | S40: =SUM(Q40*R40) -> 20907.812 | T40: =SUM(Q40-S40) -> 397248.43 | U40: 15 | W40: 6204.74 | X40: 614269.26
B41: Nip.198407292003122002 | W41: 4404.38 | X41: 420336.41
A42: 16 | B42: SAHARUNA, S.IP | C42: Penata Tk.I/IIId | D42: Analis Pengembangan Karir | E42: =SUM('PK PNS'!E40:E41) -> 6820 | F42: 440438 | G42: 0 | H42: =SUM(F42:G43) -> 440438 | I42: =SUM(H42*1%) -> 4404.38 | J42: =SUM(H42-I42) -> 436033.62 | K42: =SUM(J42*60%) -> 261620.17 | L42: =SUM('PK PNS'!I40:I41) -> 1 | M42: =SUM(K42*L42) -> 261620.17 | N42: =SUM(J42*40%) -> 174413.45 | O42: =SUM(N42*Tabel_Perhitungan!AB42) -> 8720.6724 | P42: =SUM(N42-O42) -> 165692.78 | Q42: =SUM(M42+P42) -> 427312.95 | R42: 0.05 | S42: =SUM(Q42*R42) -> 21365.647 | T42: =SUM(Q42-S42) -> 405947.3 | U42: 16 | W42: 3827.35 | X42: 378907.65
B43: Nip.198001282007011013 | W43: 4995.35 | X43: 494539.65
A44: 17 | B44: MURNIATI TOLA, S.IP | C44: Penata/IIIc | D44: Pengelola Kepegawaian | E44: =SUM('PK PNS'!E42:E43) -> 6770 | F44: 382735 | G44: 0 | H44: =SUM(F44:G45) -> 382735 | I44: =SUM(H44*1%) -> 3827.35 | J44: =SUM(H44-I44) -> 378907.65 | K44: =SUM(J44*60%) -> 227344.59 | L44: =SUM('PK PNS'!I42:I43) -> 1 | M44: =SUM(K44*L44) -> 227344.59 | N44: =SUM(J44*40%) -> 151563.06 | O44: =SUM(N44*Tabel_Perhitungan!AB44) -> 6820.3377 | P44: =SUM(N44-O44) -> 144742.72 | Q44: =SUM(M44+P44) -> 372087.31 | R44: 0.05 | S44: =SUM(Q44*R44) -> 18604.366 | T44: =SUM(Q44-S44) -> 353482.95 | U44: 17 | W44: 4404.38 | X44: 435161.55
B45: Nip.197801122008012011 | W45: 3827.35 | X45: 378907.65
A46: 18 | B46: NURHALISAH, A.Md | C46: Penata/IIIc | D46: Pranata Sumber Daya Manusia Aparatur Penyelia | E46: =SUM('PK PNS'!E44:E45) -> 7100 | F46: 499535 | G46: 0 | H46: =SUM(F46:G47) -> 499535 | I46: =SUM(H46*1%) -> 4995.35 | J46: =SUM(H46-I46) -> 494539.65 | K46: =SUM(J46*60%) -> 296723.79 | L46: =SUM('PK PNS'!I44:I45) -> 1 | M46: =SUM(K46*L46) -> 296723.79 | N46: =SUM(J46*40%) -> 197815.86 | O46: =SUM(N46*Tabel_Perhitungan!AB46) -> 11868.952 | P46: =SUM(N46-O46) -> 185946.91 | Q46: =SUM(M46+P46) -> 482670.7 | R46: 0.05 | S46: =SUM(Q46*R46) -> 24133.535 | T46: =SUM(Q46-S46) -> 458537.16 | U46: 18 | W46: 4995.35 | X46: 494539.65
B47: Nip.198104302006042022 | W47: 4995.35 | X47: 473768.98
A48: 19 | B48: ANDI MUKHYAR IKHSAN, S.IP | C48: Penata/IIIc | D48: Pengadministrasi Umum Kepegawaian | E48: =SUM('PK PNS'!E46:E47) -> 7565 | F48: 319202 | G48: 0 | H48: =SUM(F48:G49) -> 319202 | I48: =SUM(H48*1%) -> 3192.02 | J48: =SUM(H48-I48) -> 316009.98 | K48: =SUM(J48*60%) -> 189605.99 | L48: =SUM('PK PNS'!I46:I47) -> 1 | M48: =SUM(K48*L48) -> 189605.99 | N48: =SUM(J48*40%) -> 126403.99 | O48: =SUM(N48*Tabel_Perhitungan!AB48) -> 16432.519 | P48: =SUM(N48-O48) -> 109971.47 | Q48: =SUM(M48+P48) -> 299577.46 | R48: 0.05 | S48: =SUM(Q48*R48) -> 14978.873 | T48: =SUM(Q48-S48) -> 284598.59 | U48: 19 | W48: 3827.35 | X48: 378907.65
B49: Nip.198206032008011009 | W49: 3192.02 | X49: 307793.72
A50: 20 | B50: PERAWATI P, S.Si | C50: Penata/IIIc | D50: Penyusun Laporan Keuangan | E50: =SUM('PK PNS'!E48:E49) -> 7920 | F50: 440438 | G50: 0 | H50: =SUM(F50:G51) -> 440438 | I50: =SUM(H50*1%) -> 4404.38 | J50: =SUM(H50-I50) -> 436033.62 | K50: =SUM(J50*60%) -> 261620.17 | L50: =SUM('PK PNS'!I48:I49) -> 1 | M50: =SUM(K50*L50) -> 261620.17 | N50: =SUM(J50*40%) -> 174413.45 | O50: =SUM(N50*Tabel_Perhitungan!AB50) -> 0 | P50: =SUM(N50-O50) -> 174413.45 | Q50: =SUM(M50+P50) -> 436033.62 | R50: 0.05 | S50: =SUM(Q50*R50) -> 21801.681 | T50: =SUM(Q50-S50) -> 414231.94 | U50: 20 | W50: 3827.35 | X50: 357309.91
B51: Nip.98210202012122004 | W51: 3827.35 | X51: 378907.65
A52: 21 | B52: SAMSIAH, S.IP | C52: Penata Tk.I/IIId | D52: Pengelola Gaji | E52: =SUM('PK PNS'!E50:E51) -> 6870 | F52: 382735 | G52: 0 | H52: =SUM(F52:G53) -> 382735 | I52: =SUM(H52*1%) -> 3827.35 | J52: =SUM(H52-I52) -> 378907.65 | K52: =SUM(J52*60%) -> 227344.59 | L52: =SUM('PK PNS'!I50:I51) -> 1 | M52: =SUM(K52*L52) -> 227344.59 | N52: =SUM(J52*40%) -> 151563.06 | O52: =SUM(N52*Tabel_Perhitungan!AB52) -> 0 | P52: =SUM(N52-O52) -> 151563.06 | Q52: =SUM(M52+P52) -> 378907.65 | R52: 0.05 | S52: =SUM(Q52*R52) -> 18945.383 | T52: =SUM(Q52-S52) -> 359962.27 | U52: 21 | W52: 4404.38 | X52: 436033.62
B53: Nip.197909262006042013 | W53: 3996.28 | X53: 395631.72
A54: 22 | B54: MAQFUR SALEH, A.Md. Kom | C54: Penata/IIIc | D54: Pengelola Penyelengaraan Diklat | E54: =SUM('PK PNS'!E52:E53) -> 7421 | F54: 382735 | G54: 0 | H54: =SUM(F54:G55) -> 382735 | I54: =SUM(H54*1%) -> 3827.35 | J54: =SUM(H54-I54) -> 378907.65 | K54: =SUM(J54*60%) -> 227344.59 | L54: =SUM('PK PNS'!I52:I53) -> 1 | M54: =SUM(K54*L54) -> 227344.59 | N54: =SUM(J54*40%) -> 151563.06 | O54: =SUM(N54*Tabel_Perhitungan!AB54) -> 4546.8918 | P54: =SUM(N54-O54) -> 147016.17 | Q54: =SUM(M54+P54) -> 374360.76 | R54: 0.05 | S54: =SUM(Q54*R54) -> 18718.038 | T54: =SUM(Q54-S54) -> 355642.72 | U54: 22 | W54: 3996.28 | X54: 395631.72
B55: Nip.198008182009011015 | W55: 3996.28 | X55: 395631.72
A56: 23 | B56: RUSMAN RUBAMA | C56: Penata Muda/IIIa | D56: Pengelola Surat | E56: =SUM('PK PNS'!E54:E55) -> 6840 | F56: 382735 | G56: 0 | H56: =SUM(F56:G57) -> 382735 | I56: =SUM(H56*1%) -> 3827.35 | J56: =SUM(H56-I56) -> 378907.65 | K56: =SUM(J56*60%) -> 227344.59 | L56: =SUM('PK PNS'!I54:I55) -> 1 | M56: =SUM(K56*L56) -> 227344.59 | N56: =SUM(J56*40%) -> 151563.06 | O56: =SUM(N56*Tabel_Perhitungan!AB56) -> 9093.7836 | P56: =SUM(N56-O56) -> 142469.28 | Q56: =SUM(M56+P56) -> 369813.87 | R56: 0.05 | S56: =SUM(Q56*R56) -> 18490.693 | T56: =SUM(Q56-S56) -> 351323.17 | U56: 23 | W56: 3996.28 | X56: 395631.72
B57: Nip.197805032009011006 | W57: 3996.28 | X57: 395631.72
A58: 24 | B58: MUHAMMAD AKBAR, S.IP | C58: Penata Muda Tk.I/IIIb | D58: Bendahara | E58: =SUM('PK PNS'!E56:E57) -> 6780 | F58: 440438 | G58: 0 | H58: =SUM(F58:G59) -> 440438 | I58: =SUM(H58*1%) -> 4404.38 | J58: =SUM(H58-I58) -> 436033.62 | K58: =SUM(J58*60%) -> 261620.17 | L58: =SUM('PK PNS'!I56:I57) -> 1 | M58: =SUM(K58*L58) -> 261620.17 | N58: =SUM(J58*40%) -> 174413.45 | O58: =SUM(N58*Tabel_Perhitungan!AB58) -> 0 | P58: =SUM(N58-O58) -> 174413.45 | Q58: =SUM(M58+P58) -> 436033.62 | R58: 0.05 | S58: =SUM(Q58*R58) -> 21801.681 | T58: =SUM(Q58-S58) -> 414231.94 | U58: 24 | W58: 3996.28 | X58: 395631.72
B59: Nip.198908082010011001 | W59: 3996.28 | X59: 392862.3
A60: 25 | B60: ZULKIFLI, SH | C60: Penata/IIIc | D60: Analis Sumber Daya Manusia Aparatur Ahli Muda | E60: =SUM('PK PNS'!E58:E59) -> 6775 | F60: 620474 | G60: 0 | H60: =SUM(F60:G61) -> 620474 | I60: =SUM(H60*1%) -> 6204.74 | J60: =SUM(H60-I60) -> 614269.26 | K60: =SUM(J60*60%) -> 368561.56 | L60: =SUM('PK PNS'!I58:I59) -> 1 | M60: =SUM(K60*L60) -> 368561.56 | N60: =SUM(J60*40%) -> 245707.7 | O60: =SUM(N60*Tabel_Perhitungan!AB60) -> 0 | P60: =SUM(N60-O60) -> 245707.7 | Q60: =SUM(M60+P60) -> 614269.26 | R60: 0.05 | S60: =SUM(Q60*R60) -> 30713.463 | T60: =SUM(Q60-S60) -> 583555.8 | U60: 25 | W60: 3996.28 | X60: 395631.72
B61: Nip.198407012014121003 | W61: 3996.28 | X61: 395631.72
A62: 26 | B62: ABDUL RAHMAN MADJID, S.Kom | C62: Penata/IIIc | D62: Analis Sumber Daya Manusia Aparatur Ahli Muda | E62: =SUM('PK PNS'!E60:E61) -> 7200 | F62: 620474 | G62: 0 | H62: =SUM(F62:G63) -> 620474 | I62: =SUM(H62*1%) -> 6204.74 | J62: =SUM(H62-I62) -> 614269.26 | K62: =SUM(J62*60%) -> 368561.56 | L62: =SUM('PK PNS'!I60:I61) -> 1 | M62: =SUM(K62*L62) -> 368561.56 | N62: =SUM(J62*40%) -> 245707.7 | O62: =SUM(N62*Tabel_Perhitungan!AB62) -> 29484.924 | P62: =SUM(N62-O62) -> 216222.78 | Q62: =SUM(M62+P62) -> 584784.34 | R62: 0.05 | S62: =SUM(Q62*R62) -> 29239.217 | T62: =SUM(Q62-S62) -> 555545.12 | U62: 26 | W62: 3996.28 | X62: 395631.72
B63: Nip.198010062011011003 | W63: 3996.28 | X63: 395631.72
A64: 27 | B64: MUNAWIR | C64: Penata Muda/IIIa | D64: Analis Sumber Daya Manusia Aparatur Ahli Pertama | E64: =SUM('PK PNS'!E62:E63) -> 7200 | F64: 499535 | G64: 0 | H64: =SUM(F64:G65) -> 499535 | I64: =SUM(H64*1%) -> 4995.35 | J64: =SUM(H64-I64) -> 494539.65 | K64: =SUM(J64*60%) -> 296723.79 | L64: =SUM('PK PNS'!I62:I63) -> 1 | M64: =SUM(K64*L64) -> 296723.79 | N64: =SUM(J64*40%) -> 197815.86 | O64: =SUM(N64*Tabel_Perhitungan!AB64) -> 2967.2379 | P64: =SUM(N64-O64) -> 194848.62 | Q64: =SUM(M64+P64) -> 491572.41 | R64: 0.05 | S64: =SUM(Q64*R64) -> 24578.621 | T64: =SUM(Q64-S64) -> 466993.79 | U64: 27 | W64: 3996.28 | X64: 393257.93
B65: Nip.198512312014091001 | W65: 3996.28 | X65: 395631.72
A66: 28 | B66: HARIAWAN SAPUTRA, A.Md | C66: Penata/IIIc | D66: Analis Sumber Daya Manusia Aparatur Ahli Pertama | E66: =SUM('PK PNS'!E64:E65) -> 7210 | F66: 499535 | G66: 0 | H66: =SUM(F66:G67) -> 499535 | I66: =SUM(H66*1%) -> 4995.35 | J66: =SUM(H66-I66) -> 494539.65 | K66: =SUM(J66*60%) -> 296723.79 | L66: =SUM('PK PNS'!I64:I65) -> 1 | M66: =SUM(K66*L66) -> 296723.79 | N66: =SUM(J66*40%) -> 197815.86 | O66: =SUM(N66*Tabel_Perhitungan!AB66) -> 17803.427 | P66: =SUM(N66-O66) -> 180012.43 | Q66: =SUM(M66+P66) -> 476736.22 | R66: 0.05 | S66: =SUM(Q66*R66) -> 23836.811 | T66: =SUM(Q66-S66) -> 452899.41 | U66: 28 | W66: =SUM(W12:W65) -> 291341.87
B67: Nip.198602062009041004
A68: 29 | B68: MUH. ADE DJAFAR, S.Kom., M.AP | C68: Pembina/IVa | D68: Analis Sumber Daya Manusia Aparatur Ahli Muda | E68: =SUM('PK PNS'!E66:E67) -> 6900 | F68: 620474 | G68: 0 | H68: =SUM(F68:G69) -> 620474 | I68: =SUM(H68*1%) -> 6204.74 | J68: =SUM(H68-I68) -> 614269.26 | K68: =SUM(J68*60%) -> 368561.56 | L68: =SUM('PK PNS'!I66:I67) -> 1 | M68: =SUM(K68*L68) -> 368561.56 | N68: =SUM(J68*40%) -> 245707.7 | O68: =SUM(N68*Tabel_Perhitungan!AB68) -> 0 | P68: =SUM(N68-O68) -> 245707.7 | Q68: =SUM(M68+P68) -> 614269.26 | R68: 0.15 | S68: =SUM(Q68*R68) -> 92140.389 | T68: =SUM(Q68-S68) -> 522128.87 | U68: 29
B69: Nip.198501042010011014
A70: 30 | B70: AHMAD DZULKARNAIN, S.Kom | C70: Penata/IIIc | D70: Analis Pengembangan Kompetensi | E70: =SUM('PK PNS'!E68:E69) -> 7643 | F70: 440438 | G70: 0 | H70: =SUM(F70:G71) -> 440438 | I70: =SUM(H70*1%) -> 4404.38 | J70: =SUM(H70-I70) -> 436033.62 | K70: =SUM(J70*60%) -> 261620.17 | L70: =SUM('PK PNS'!I68:I69) -> 1 | M70: =SUM(K70*L70) -> 261620.17 | N70: =SUM(J70*40%) -> 174413.45 | O70: =SUM(N70*Tabel_Perhitungan!AB70) -> 15697.21 | P70: =SUM(N70-O70) -> 158716.24 | Q70: =SUM(M70+P70) -> 420336.41 | R70: 0.05 | S70: =SUM(Q70*R70) -> 21016.82 | T70: =SUM(Q70-S70) -> 399319.59 | U70: 30
B71: Nip.198511012014121001
A72: 31 | B72: WAHYUNI, S.IP | C72: Penata Muda Tk.I/IIIb | D72: Pengelola Surat | E72: =SUM('PK PNS'!E70:E71) -> 7275 | F72: 382735 | G72: 0 | H72: =SUM(F72:G73) -> 382735 | I72: =SUM(H72*1%) -> 3827.35 | J72: =SUM(H72-I72) -> 378907.65 | K72: =SUM(J72*60%) -> 227344.59 | L72: =SUM('PK PNS'!I70:I71) -> 1 | M72: =SUM(K72*L72) -> 227344.59 | N72: =SUM(J72*40%) -> 151563.06 | O72: =SUM(N72*Tabel_Perhitungan!AB72) -> 0 | P72: =SUM(N72-O72) -> 151563.06 | Q72: =SUM(M72+P72) -> 378907.65 | R72: 0.05 | S72: =SUM(Q72*R72) -> 18945.383 | T72: =SUM(Q72-S72) -> 359962.27 | U72: 31
B73: Nip.19920228 201101 2 001
A74: 32 | B74: INDRIYANI, A.Md | C74: Penata/IIIc | D74: Pranata Sumber Daya Manusia Aparatur Penyelia | E74: =SUM('PK PNS'!E72:E73) -> 6759 | F74: 499535 | G74: 0 | H74: =SUM(F74:G75) -> 499535 | I74: =SUM(H74*1%) -> 4995.35 | J74: =SUM(H74-I74) -> 494539.65 | K74: =SUM(J74*60%) -> 296723.79 | L74: =SUM('PK PNS'!I72:I73) -> 1 | M74: =SUM(K74*L74) -> 296723.79 | N74: =SUM(J74*40%) -> 197815.86 | O74: =SUM(N74*Tabel_Perhitungan!AB74) -> 0 | P74: =SUM(N74-O74) -> 197815.86 | Q74: =SUM(M74+P74) -> 494539.65 | R74: 0.05 | S74: =SUM(Q74*R74) -> 24726.983 | T74: =SUM(Q74-S74) -> 469812.67 | U74: 32
B75: Nip.198012292006042011
A76: 33 | B76: SYAFARUDDIN, S.Sos | C76: Penata/IIIc | D76: Analisis Pengembangan Karir | E76: =SUM('PK PNS'!E74:E75) -> 6820 | F76: 440438 | G76: 0 | H76: =SUM(F76:G77) -> 440438 | I76: =SUM(H76*1%) -> 4404.38 | J76: =SUM(H76-I76) -> 436033.62 | K76: =SUM(J76*60%) -> 261620.17 | L76: =SUM('PK PNS'!I74:I75) -> 1 | M76: =SUM(K76*L76) -> 261620.17 | N76: =SUM(J76*40%) -> 174413.45 | O76: =SUM(N76*Tabel_Perhitungan!AB76) -> 872.06724 | P76: =SUM(N76-O76) -> 173541.38 | Q76: =SUM(M76+P76) -> 435161.55 | R76: 0.05 | S76: =SUM(Q76*R76) -> 21758.078 | T76: =SUM(Q76-S76) -> 413403.48 | U76: 33
B77: Nip.198308112009011004
A78: 34 | B78: MUH. SAHAL HALIM, S.Kom | C78: Penata/IIIc | D78: Pengelola Data | E78: =SUM('PK PNS'!E76:E77) -> 7100 | F78: 382735 | G78: 0 | H78: =SUM(F78:G79) -> 382735 | I78: =SUM(H78*1%) -> 3827.35 | J78: =SUM(H78-I78) -> 378907.65 | K78: =SUM(J78*60%) -> 227344.59 | L78: =SUM('PK PNS'!I76:I77) -> 1 | M78: =SUM(K78*L78) -> 227344.59 | N78: =SUM(J78*40%) -> 151563.06 | O78: =SUM(N78*Tabel_Perhitungan!AB78) -> 0 | P78: =SUM(N78-O78) -> 151563.06 | Q78: =SUM(M78+P78) -> 378907.65 | R78: 0.05 | S78: =SUM(Q78*R78) -> 18945.383 | T78: =SUM(Q78-S78) -> 359962.27 | U78: 34
B79: Nip. 198511112015031002
A80: 35 | B80: FITRIA ULFA MAKMUR, S.E | C80: Penata Muda/IIIa | D80: Analis Sumber Daya Manusia Aparatur Ahli Pertama | E80: =SUM('PK PNS'!E78:E79) -> 6835 | F80: 499535 | G80: 0 | H80: =SUM(F80:G81) -> 499535 | I80: =SUM(H80*1%) -> 4995.35 | J80: =SUM(H80-I80) -> 494539.65 | K80: =SUM(J80*60%) -> 296723.79 | L80: =SUM('PK PNS'!I78:I79) -> 1 | M80: =SUM(K80*L80) -> 296723.79 | N80: =SUM(J80*40%) -> 197815.86 | O80: =SUM(N80*Tabel_Perhitungan!AB80) -> 0 | P80: =SUM(N80-O80) -> 197815.86 | Q80: =SUM(M80+P80) -> 494539.65 | R80: 0.05 | S80: =SUM(Q80*R80) -> 24726.983 | T80: =SUM(Q80-S80) -> 469812.67 | U80: 35
B81: Nip. 199004242022022001
A82: 36 | B82: TRIANTO UTOMO, S.E | C82: Penata Muda/IIIa | D82: Analis Sumber Daya Manusia Aparatur Ahli Pertama | E82: =SUM('PK PNS'!E80:E81) -> 6885 | F82: 499535 | G82: 0 | H82: =SUM(F82:G83) -> 499535 | I82: =SUM(H82*1%) -> 4995.35 | J82: =SUM(H82-I82) -> 494539.65 | K82: =SUM(J82*60%) -> 296723.79 | L82: =SUM('PK PNS'!I80:I81) -> 1 | M82: =SUM(K82*L82) -> 296723.79 | N82: =SUM(J82*40%) -> 197815.86 | O82: =SUM(N82*Tabel_Perhitungan!AB82) -> 20770.665 | P82: =SUM(N82-O82) -> 177045.19 | Q82: =SUM(M82+P82) -> 473768.98 | R82: 0.05 | S82: =SUM(Q82*R82) -> 23688.449 | T82: =SUM(Q82-S82) -> 450080.54 | U82: 36
B83: Nip. 199306042022021001
A84: 37 | B84: YUYUN ELVANDARI PUTRI | C84: Pengatur /IIc | D84: Pengelola Pemanfaatan Barang Milik Daerah | E84: =SUM('PK PNS'!E82:E83) -> 7445 | F84: 382735 | G84: 0 | H84: =SUM(F84:G85) -> 382735 | I84: =SUM(H84*1%) -> 3827.35 | J84: =SUM(H84-I84) -> 378907.65 | K84: =SUM(J84*60%) -> 227344.59 | L84: =SUM('PK PNS'!I82:I83) -> 1 | M84: =SUM(K84*L84) -> 227344.59 | N84: =SUM(J84*40%) -> 151563.06 | O84: =SUM(N84*Tabel_Perhitungan!AB84) -> 0 | P84: =SUM(N84-O84) -> 151563.06 | Q84: =SUM(M84+P84) -> 378907.65 | S84: =SUM(Q84*R84) -> 0 | T84: =SUM(Q84-S84) -> 378907.65 | U84: 37
B85: Nip. 198408222014062006
A86: 38 | B86: INDAH WAHYUNI, S.E | C86: Penata Muda/IIIa | D86: Pengadministrasi Tugas Belajar dan Ijin Belajar | E86: =SUM('PK PNS'!E84:E85) -> 7435 | F86: 319202 | G86: 0 | H86: =SUM(F86:G87) -> 319202 | I86: =SUM(H86*1%) -> 3192.02 | J86: =SUM(H86-I86) -> 316009.98 | K86: =SUM(J86*60%) -> 189605.99 | L86: =SUM('PK PNS'!I84:I85) -> 1 | M86: =SUM(K86*L86) -> 189605.99 | N86: =SUM(J86*40%) -> 126403.99 | O86: =SUM(N86*Tabel_Perhitungan!AB86) -> 8216.2595 | P86: =SUM(N86-O86) -> 118187.73 | Q86: =SUM(M86+P86) -> 307793.72 | R86: 0.05 | S86: =SUM(Q86*R86) -> 15389.686 | T86: =SUM(Q86-S86) -> 292404.03 | U86: 38
B87: Nip. 198610222012122002
A88: 39 | B88: FAHMI SYARIF, S.Kom, MM | C88: Penata Tk.I/IIId | D88: Pranata Diklat | E88: =SUM('PK PNS'!E86:E87) -> 7662 | F88: 382735 | G88: 0 | H88: =SUM(F88:G89) -> 382735 | I88: =SUM(H88*1%) -> 3827.35 | J88: =SUM(H88-I88) -> 378907.65 | K88: =SUM(J88*60%) -> 227344.59 | L88: =SUM('PK PNS'!I86:I87) -> 1 | M88: =SUM(K88*L88) -> 227344.59 | N88: =SUM(J88*40%) -> 151563.06 | O88: =SUM(N88*Tabel_Perhitungan!AB88) -> 21597.736 | P88: =SUM(N88-O88) -> 129965.32 | Q88: =SUM(M88+P88) -> 357309.91 | R88: 0.05 | S88: =SUM(Q88*R88) -> 17865.496 | T88: =SUM(Q88-S88) -> 339444.42 | U88: 39
B89: Nip. 198412102011011009
A90: 40 | B90: WATI, S.AN | C90: Penata Tk.I/IIId | D90: Pengelola Situs atau Web | E90: =SUM('PK PNS'!E88:E89) -> 7705 | F90: 382735 | G90: 0 | H90: =SUM(F90:G91) -> 382735 | I90: =SUM(H90*1%) -> 3827.35 | J90: =SUM(H90-I90) -> 378907.65 | K90: =SUM(J90*60%) -> 227344.59 | L90: =SUM('PK PNS'!I88:I89) -> 1 | M90: =SUM(K90*L90) -> 227344.59 | N90: =SUM(J90*40%) -> 151563.06 | O90: =SUM(N90*Tabel_Perhitungan!AB90) -> 0 | P90: =SUM(N90-O90) -> 151563.06 | Q90: =SUM(M90+P90) -> 378907.65 | R90: 0.05 | S90: =SUM(Q90*R90) -> 18945.383 | T90: =SUM(Q90-S90) -> 359962.27 | U90: 40
B91: Nip. 198008172007012023
A92: 41 | B92: SHALSHA ANUGRAH RAHMAN, S.Tr.I.P | C92: Penata Muda/IIIa | D92: Analis Penegakan Integritas dan Disiplin SDM Aparatur | E92: =SUM('PK PNS'!E90:E91) -> 6810 | F92: 440438 | G92: 0 | H92: =SUM(F92:G93) -> 440438 | I92: =SUM(H92*1%) -> 4404.38 | J92: =SUM(H92-I92) -> 436033.62 | K92: =SUM(J92*60%) -> 261620.17 | L92: =SUM('PK PNS'!I90:I91) -> 1 | M92: =SUM(K92*L92) -> 261620.17 | N92: =SUM(J92*40%) -> 174413.45 | O92: =SUM(N92*Tabel_Perhitungan!AB92) -> 0 | P92: =SUM(N92-O92) -> 174413.45 | Q92: =SUM(M92+P92) -> 436033.62 | R92: 0.05 | S92: =SUM(Q92*R92) -> 21801.681 | T92: =SUM(Q92-S92) -> 414231.94 | U92: 41
B93: Nip. 200109302023082001
A94: 42 | B94: FRIDA SYAHRUNINNISA, S.Psi | C94: CPNS/IIIa | D94: Asesor Sumber Daya Manusia Ahli Pertama | E94: =SUM('PK PNS'!E92:E93) -> 7890 | F94: =SUM(499535*80%) -> 399628 | G94: 0 | H94: =SUM(F94:G95) -> 399628 | I94: =SUM(H94*1%) -> 3996.28 | J94: =SUM(H94-I94) -> 395631.72 | K94: =SUM(J94*60%) -> 237379.03 | L94: =SUM('PK PNS'!I92:I93) -> 1 | M94: =SUM(K94*L94) -> 237379.03 | N94: =SUM(J94*40%) -> 158252.69 | O94: =SUM(N94*Tabel_Perhitungan!AB94) -> 0 | P94: =SUM(N94-O94) -> 158252.69 | Q94: =SUM(M94+P94) -> 395631.72 | R94: 0.05 | S94: =SUM(Q94*R94) -> 19781.586 | T94: =SUM(Q94-S94) -> 375850.13 | U94: 42
B95: Nip. 199908012025042004
A96: 43 | B96: ANDI REZKY ANANDA AMALIA, S.E, | C96: CPNS/IIIa | D96: Asesor Sumber Daya Manusia Ahli Pertama | E96: =SUM('PK PNS'!E94:E95) -> 7290 | F96: =SUM(499535*80%) -> 399628 | G96: 0 | H96: =SUM(F96:G97) -> 399628 | I96: =SUM(H96*1%) -> 3996.28 | J96: =SUM(H96-I96) -> 395631.72 | K96: =SUM(J96*60%) -> 237379.03 | L96: =SUM('PK PNS'!I94:I95) -> 1 | M96: =SUM(K96*L96) -> 237379.03 | N96: =SUM(J96*40%) -> 158252.69 | O96: =SUM(N96*Tabel_Perhitungan!AB96) -> 0 | P96: =SUM(N96-O96) -> 158252.69 | Q96: =SUM(M96+P96) -> 395631.72 | R96: 0.05 | S96: =SUM(Q96*R96) -> 19781.586 | T96: =SUM(Q96-S96) -> 375850.13 | U96: 43
B97: Nip. 199910052025042003
A98: 44 | B98: RAHMI HALMIYAH. S. S.Psi | C98: CPNS/IIIa | D98: Asesor Sumber Daya Manusia Ahli Pertama | E98: =SUM('PK PNS'!E96:E97) -> 7320 | F98: =SUM(499535*80%) -> 399628 | G98: 0 | H98: =SUM(F98:G99) -> 399628 | I98: =SUM(H98*1%) -> 3996.28 | J98: =SUM(H98-I98) -> 395631.72 | K98: =SUM(J98*60%) -> 237379.03 | L98: =SUM('PK PNS'!I96:I97) -> 1 | M98: =SUM(K98*L98) -> 237379.03 | N98: =SUM(J98*40%) -> 158252.69 | O98: =SUM(N98*Tabel_Perhitungan!AB98) -> 0 | P98: =SUM(N98-O98) -> 158252.69 | Q98: =SUM(M98+P98) -> 395631.72 | R98: 0.05 | S98: =SUM(Q98*R98) -> 19781.586 | T98: =SUM(Q98-S98) -> 375850.13 | U98: 44
B99: Nip. 199902152025042001
A100: 45 | B100: RINI SAHRAINI, S.Sos | C100: CPNS/IIIa | D100: Asesor Sumber Daya Manusia Ahli Pertama | E100: =SUM('PK PNS'!E98:E99) -> 8005 | F100: =SUM(499535*80%) -> 399628 | G100: 0 | H100: =SUM(F100:G101) -> 399628 | I100: =SUM(H100*1%) -> 3996.28 | J100: =SUM(H100-I100) -> 395631.72 | K100: =SUM(J100*60%) -> 237379.03 | L100: =SUM('PK PNS'!I98:I99) -> 1 | M100: =SUM(K100*L100) -> 237379.03 | N100: =SUM(J100*40%) -> 158252.69 | O100: =SUM(N100*Tabel_Perhitungan!AB100) -> 0 | P100: =SUM(N100-O100) -> 158252.69 | Q100: =SUM(M100+P100) -> 395631.72 | R100: 0.05 | S100: =SUM(Q100*R100) -> 19781.586 | T100: =SUM(Q100-S100) -> 375850.13 | U100: 45
B101: Nip. 199905112025042002
A102: 46 | B102: MUH. RIZAL SYAHRIAR, S.A.P | C102: CPNS/IIIa | D102: Asesor Sumber Daya Manusia Ahli Pertama | E102: =SUM('PK PNS'!E100:E101) -> 7790 | F102: =SUM(499535*80%) -> 399628 | G102: 0 | H102: =SUM(F102:G103) -> 399628 | I102: =SUM(H102*1%) -> 3996.28 | J102: =SUM(H102-I102) -> 395631.72 | K102: =SUM(J102*60%) -> 237379.03 | L102: =SUM('PK PNS'!I100:I101) -> 1 | M102: =SUM(K102*L102) -> 237379.03 | N102: =SUM(J102*40%) -> 158252.69 | O102: =SUM(N102*Tabel_Perhitungan!AB102) -> 0 | P102: =SUM(N102-O102) -> 158252.69 | Q102: =SUM(M102+P102) -> 395631.72 | R102: 0.05 | S102: =SUM(Q102*R102) -> 19781.586 | T102: =SUM(Q102-S102) -> 375850.13 | U102: 46
B103: Nip.199210082025041001
A104: 47 | B104: SAFIRAH RIFANI FARID, S.M | C104: CPNS/IIIa | D104: Asesor Sumber Daya Manusia Ahli Pertama | E104: =SUM('PK PNS'!E102:E103) -> 7320 | F104: =SUM(499535*80%) -> 399628 | G104: 0 | H104: =SUM(F104:G105) -> 399628 | I104: =SUM(H104*1%) -> 3996.28 | J104: =SUM(H104-I104) -> 395631.72 | K104: =SUM(J104*60%) -> 237379.03 | L104: =SUM('PK PNS'!I102:I103) -> 1 | M104: =SUM(K104*L104) -> 237379.03 | N104: =SUM(J104*40%) -> 158252.69 | O104: =SUM(N104*Tabel_Perhitungan!AB104) -> 0 | P104: =SUM(N104-O104) -> 158252.69 | Q104: =SUM(M104+P104) -> 395631.72 | R104: 0.05 | S104: =SUM(Q104*R104) -> 19781.586 | T104: =SUM(Q104-S104) -> 375850.13 | U104: 47
B105: Nip. 199811062025042001
...

Sheet Sheet1

Sheet REKENING
A2: DAFTAR TPP BADAN KEPEGAWAIAN PENDIDIKAN DAN PELATIHAN (BKPP)
A3: BULAN JANUARI 2025
A6: NO | B6: NIP | C6: NAMA | D6: NOMOR HP | E6: No. REKENING | F6: JUMLAH TPP BULAN APRIL 2025
A8: 1 | B8: 2 | C8: 3 | D8: 4 | E8: 5 | F8: 6
A9: 1 | B9: 196605201992031017 | C9: Ir. BUDI UTOMO ABDULLAH, MM | D9: 081342082622 | E9: 070-201-0000222031 | F9: =SUM('[4]TPP BK'!Q11) -> 293176.08
A11: 2 | B11: 197207051992031005 | C11: Drs. SARIANTO | D11: 085242627674 | E11: 070-201-0000110446 | F11: =SUM('[4]TPP BK'!Q13) -> 943949.79
A13: 3 | B13: 197308031994021002 | C13: ANDI ILHAM JAYA, S.So, M.M | D13: 085272522555 | E13: 070-201-000121677 | F13: =SUM('[4]TPP BK'!Q15) -> 780989.58
A15: 4 | B15: 198110282000031001 | C15: MUHAMMAD BAHRUM.S.Sos | D15: 085298878878 | E15: 070-201-0000122916 | F15: =SUM('[4]TPP BK'!Q19) -> 798679.26
A17: 5 | B17: 197612312007011093 | C17: AKHSAN, S.IP | D17: 081342586632 | E17: 070-201-0000129287 | F17: =SUM('[4]TPP BK'!Q21) -> 454393.43
A19: 6 | B19: 196909121994031008 | C19: R I D W A N, S.Sos | D19: 085255287100 | E19: 070-201-0000122932 | F19: =SUM('[4]TPP BK'!Q23) -> 649909.89
A21: 7 | B21: 197408082006042026 | C21: ANDI SYAMSIAH, SE | D21: 085255533299 | E21: 070-201-0000122258 | F21: =SUM('[4]TPP BK'!Q25) -> 581135.16
A23: 8 | B23: 196804242000031013 | C23: AMIR SAPIRIHAR, S.Sos | D23: 085340978555 | E23: 070-201-000012084-1 | F23: =SUM('[4]TPP BK'!Q27) -> 668056.29
A25: 9 | B25: 198304082008011011 | C25: ARY ARFAN, SAP, M.Si | D25: 085242003007 | E25: 070-201-0000115634 | F25: =SUM('[4]TPP BK'!Q29) -> 643861.09
A27: 10 | B27: 198608032006021001 | C27: MUKTI FAHDIANSYAH, S.STP | D27: 082188992121 | E27: 070-201-000012598-2 | F27: =SUM('[4]TPP BK'!Q31) -> 587541.82
A29: 11 | B29: 196912311994031108 | C29: KHALIL ACO, S.Sos | D29: 082188990809 | E29: 070-201-0000123700 | F29: =SUM('[4]TPP BK'!Q33) -> 390693.44
A31: 12 | B31: 198008142007012008 | C31: A I D I L, S.Sos | D31: 082347034533 | E31: 070-201-0000148290 | F31: =SUM('[4]TPP BK'!Q35) -> 342748.54
A33: 13 | B33: 198407292003122002 | C33: NASMAH H, SIP | D33: 081355884180 | E33: 070-201-0000122576 | F33: =SUM('[4]TPP BK'!Q37) -> 349121.07
A35: 14 | B35: 198407292003122002 | C35: A. DWI NUNGRAENI,S.Sos | D35: 085242229872 | E35: 070-201-0000123122 | F35: =SUM('[4]TPP BK'!Q39) -> 383546.61
A37: 15 | B37: 198001282007011013 | C37: SAHARUNA, S.IP | D37: 082349514715 | E37: 070-201-0000113615 | F37: =SUM('[4]TPP BK'!Q41) -> 399393.93
... A49: 21 | B49: 198008182009011015 | C49: MAQFUR SALEH, A.Md. Kom | D49: 081343919140 | E49: 070-201-0000122550 | F49: =SUM('[4]TPP BK'!Q53) -> 340318.34
A51: 22 | B51: 197805032009011006 | C51: RUSMAN RUBAMA | E51: 070-201-0000137948 | F51: =SUM('[4]TPP BK'!Q55) -> 351067.13
A53: 23 | B53: 198908082010011001 | C53: MUHAMMAD AKBAR, S.IP | D53: 085255660006 | E53: 070-201-0000150421 | F53: =SUM('[4]TPP BK'!Q57) -> 404303.5
A55: 24 | B55: 198407012014121003 | C55: ZULKIFLI, SH | D55: 085255543900 | E55: 070-201-0000186841 | F55: =SUM('[4]TPP BK'!Q59) -> 345988.81
A57: 25 | B57: 198010062011011003 | C57: ABDUL RAHMAN MADJID, S.Kom | D57: 081340219899 | E57: 070-201-0000158457 | F57: =SUM('[4]TPP BK'!Q61) -> 387275.39
A59: 26 | B59: 198010062011011003 | C59: MUNAWIR | D59: 081384378870 | E59: 070-201-0000185730 | F59: =SUM('[4]TPP BK'!Q63) -> 392868.57
A61: 27 | B61: 198602062009041001 | C61: HARIAWAN SAPUTRA, A.Md | D61: 081257926188 | E61: 072-201-0000072152 | F61: =SUM('[4]TPP BK'!Q65) -> 347608.95
A63: 28 | B63: 198501042010011014 | C63: MUH. ADE DJAFAR, S.Kom | D63: 081342055890 | E63: 073-201-0000049589 | F63: =SUM('[4]TPP BK'!Q67) -> 413687.6
A65: 29 | B65: 198511012014121001 | C65: AHMAD DZULKARNAIN, S.Kom | D65: 085156766369 | E65: 070-201-0000185748 | F65: =SUM('[4]TPP BK'!Q69) -> 378264.17
A67: 30 | B67: 199202282011012001 | C67: WAHYUNI, S.IP | D67: 085247225136 | E67: 070-201-0000158104 | F67: =SUM('[4]TPP BK'!Q71) -> 357329.76
A69: 31 | B69: 198012292006042011 | C69: INDRIYANI, A.Md | D69: 085255701659 | E69: 70-201-0000151304 | F69: =SUM('[4]TPP BK'!Q73) -> 353549.44
A71: 32 | B71: 198308112009011004 | C71: SYAFARUDDIN, S.Sos | D71: 081242260550 | E71: 070-201-0000198815 | F71: =SUM('[4]TPP BK'!Q75) -> 406789.35
A73: 33 | B73: 198511112015031002 | C73: MUH. SAHAL HALIM, S.Kom | D73: 085341108729 | E73: 070-201-0000236423 | F73: =SUM('[4]TPP BK'!Q77) -> 356519.69
A75: 34 | B75: 199004242022022001 | C75: FITRIA ULFA MAKMUR, S.E | D75: 082346745900 | E75: 070-201-0000235052 | F75: =SUM('[4]TPP BK'!Q79) -> 411823.21
... A89: 41 | B89: 200109302023082001 | C89: SHALSHA ANUGRAH RAHMAN, S.Tr.I.P | D89: 085258185988 | E89: 206-201-0000018334 | F89: =SUM('[4]TPP BK'!Q93) -> 409337.35
B91: JUMLAH | F91: =SUM(F9:F90) -> 17813081
A92: Hp | B92: : 085341727060 (Pengelola Gaji)
D95: Polewali, Agustus 2025
D97: KEPALA BADAN KEPEGAWAIAN
D98: PENDIDIKAN DAN PELATIHAN
D102: Ir. BUDI UTOMO ABDULLAH, MM
D103: Pangkat | E103: : Pembina Utama Muda
D104: NIP. | E104: : 196605201992031017

Sheet Sheet4

Sheet Sheet2
C6: DAFTAR TPP BKPP | H6: DAFTAR TPP BKPP
C7: BULAN DESEMBER 2021 | H7: BULAN MARET 2022
C8: TAHUN ANGGARAN 2022 | H8: TAHUN ANGGARAN 2022
C12: DAFTAR TPP BKPP | H12: DAFTAR TPP BKPP | O12: 2,511,500 | P12: =SUM(O12*2%) -> #VALUE!
C13: BULAN JANUARI 2022 | H13: BULAN APRIL 2022
C14: TAHUN ANGGARAN 2022 | H14: TAHUN ANGGARAN 2022
C18: DAFTAR TPP BKPP | H18: DAFTAR TPP BKPP
C19: BULAN FEBRUARI 2022 | H19: BULAN MEI 2022
C20: TAHUN ANGGARAN 2022 | H20: TAHUN ANGGARAN 2022

Sheet Sheet3
A1: NO | B1: Jabatan | C1: Jenis Jabatan | D1: Kelas jabatan | E1: Bulan | F1: Jumlah pemangku | G1: beban kerja/Bln | H1: beban kerja/12 BLN
A3: 1 | C3: 2 | E3: 4 | F3: 5 | G3: 6 | H3: 7(6*1%)
B5: Ka.Badan BKPSDM | C5: Pimpinan Tinggi | D5: 14 | E5: 12 | F5: 1 | G5: 1288527 | H5: =SUM(G5*F5*E5) -> 15462324
A6: 1 | B6: Sekretris Badan | C6: Administrator | D6: 12 | E6: 6 | F6: 1 | G6: 1117734 | H6: =SUM(G6*F6*E6) -> 6706404
A7: 2 | B7: Ka. Bidang | C7: Administrator | D7: 11 | E7: 12 | F7: 3 | G7: 966432 | H7: =SUM(G7*F7*E7) -> 34791552
B8: Ka. Sub. Bagian Keuangan, Perencanaan & Pelaporan | C8: Pengawas | D8: 9 | E8: 12 | F8: 1 | G8: 621537 | H8: =SUM(G8*F8*E8) -> 7458444
B9: Ka. Sub. Bagian Umum & Kepegawaian | C9: Pengawas | D9: 8 | E9: 12 | F9: 1 | G9: 499537 | H9: =SUM(G9*F9*E9) -> 5994444
B10: Analis SDM Aparatur Ahli Madya | C10: Fungsional | D10: 12 | E10: 12 | F10: 1 | G10: 1117734 | H10: =SUM(G10*F10*E10) -> 13412808
B11: Analis SDM Aparatur Ahli Muda | C11: Fungsional | D11: 10 | E11: 4 | F11: 2 | G11: 620474 | H11: =SUM(G11*F11*E11) -> 4963792
B12: Analis SDM Aparatur Ahli Madya | C12: Fungsional | D12: 12 | E12: 8 | F12: 2 | G12: 1117734 | H12: =SUM(G12*F12*E12) -> 17883744
B13: Sekretariat BKPP | C13: Pelaksana | D13: 6 | E13: 12 | F13: 4 | G13: 382735 | H13: =SUM(G13*F13*E13) -> 18371280
C14: Pelaksana | D14: 5 | E14: 12 | F14: 1 | G14: 319202 | H14: =SUM(G14*F14*E14) -> 3830424
B15: Sub. Bagian Keuangan | C15: Pelaksana | D15: 7 | E15: 12 | F15: 2 | G15: 440438 | H15: =SUM(G15*F15*E15) -> 10570512 | I15: Akbar/Pera
C16: Pelaksana | D16: 7 | E16: 4 | F16: 1 | G16: 440438 | H16: =SUM(G16*F16*E16) -> 1761752 | I16: Fitri
B17: Analis SDM Aparatur Ahli Pertama | C17: Fungsional | D17: 8 | E17: 8 | F17: 1 | G17: 499535 | H17: =SUM(G17*F17*E17) -> 3996280
C18: Pelaksana | D18: 6 | E18: 4 | F18: 1 | G18: 382735 | H18: =SUM(G18*F18*E18) -> 1530940 | I18: Zul
B19: Analis SDM Aparatur Ahli Muda | C19: Fungsional | D19: 10 | E19: 8 | F19: 1 | G19: 620474 | H19: =SUM(G19*F19*E19) -> 4963792
C20: Pelaksana | D20: 6 | E20: 4 | F20: 1 | G20: 382735 | H20: =SUM(G20*F20*E20) -> 1530940 | I20: Indri
B21: Prnata Sumbedaya Manusia Penyedia | C21: Fungsional | D21: 6 | E21: 8 | F21: 1 | G21: 382735 | H21: =SUM(G21*F21*E21) -> 3061880
C22: Pelaksana | D22: 6 | E22: 12 | F22: 1 | G22: 382735 | H22: =SUM(G22*F22*E22) -> 4592820 | I22: Cia
B23: Mutasi/Pangkat | C23: Pelaksana | D23: 7 | E23: 12 | F23: 3 | G23: 440438 | H23: =SUM(G23*F23*E23) -> 15855768 | I23: Una/Sapar/Khalil
C24: Pelaksana | D24: 7 | E24: 4 | F24: 1 | G24: 440438 | H24: =SUM(G24*F24*E24) -> 1761752 | I24: Tri
C25: Fungsional | D25: 8 | E25: 8 | F25: 1 | G25: 499535 | H25: =SUM(G25*F25*E25) -> 3996280
C26: Pelaksana | D26: 6 | E26: 4 | F26: 1 | G26: 382735 | H26: =SUM(G26*F26*E26) -> 1530940 | I26: Nasma
C27: Fungsional | D27: 10 | E27: 8 | F27: 1 | G27: 620474 | H27: =SUM(G27*F27*E27) -> 4963792
C28: Pelaksana | D28: 6 | E28: 4 | F28: 1 | G28: 382735 | H28: =SUM(G28*F28*E28) -> 1530940 | I28: Ica
C29: Funsional | D29: 6 | E29: 8 | F29: 1 | G29: 382735 | H29: =SUM(G29*F29*E29) -> 3061880
C30: Fungsional | D30: 6 | E30: 12 | F30: 1 | G30: 382735 | H30: =SUM(G30*F30*E30) -> 4592820 | I30: Murni
B31: Diklat | C31: Pelaksana | D31: 7 | E31: 4 | F31: 1 | G31: 440438 | H31: =SUM(G31*F31*E31) -> 1761752 | I31: Ade
C32: Fungsional | D32: 10 | E32: 8 | F32: 1 | G32: 620474 | H32: =SUM(G32*F32*E32) -> 4963792
C33: Pelaksana | D33: 6 | E33: 12 | F33: 2 | G33: 382735 | H33: =SUM(G33*F33*E33) -> 9185640 | I33: Maqfur/Fhmi
C34: Pelaksana | D34: 6 | E34: 4 | F34: 1 | G34: 382735 | H34: =SUM(G34*F34*E34) -> 1530940 | I34: wawan
C35: Fungsional | D35: 8 | E35: 8 | F35: 1 | G35: 499535 | H35: =SUM(G35*F35*E35) -> 3996280
C36: Pelaksana | D36: 5 | E36: 12 | F36: 1 | G36: 319202 | H36: =SUM(G36*F36*E36) -> 3830424 | I36: indah
B37: PIK | C37: Pelaksana | D37: 7 | E37: 4 | F37: 1 | G37: 440438 | H37: =SUM(G37*F37*E37) -> 1761752 | I37: Ammang
C38: Fungsional | D38: 10 | E38: 8 | F38: 1 | G38: 620474 | H38: =SUM(G38*F38*E38) -> 4963792
C39: Pelaksana | D39: 7 | E39: 4 | F39: 1 | G39: 440438 | H39: =SUM(G39*F39*E39) -> 1761752 | I39: Nawir
C40: Fungsional | D40: 8 | E40: 8 | F40: 1 | G40: 499535 | H40: =SUM(G40*F40*E40) -> 3996280
C41: Pelaksana | D41: 7 | E41: 12 | F41: 2 | G41: 440438 | H41: =SUM(G41*F41*E41) -> 10570512 | I41: wiwi/Shalsa
C42: Pelaksana | D42: 6 | E42: 12 | F42: 1 | G42: 382735 | H42: =SUM(G42*F42*E42) -> 4592820 | I42: Sahal
H43: =SUM(H5:H42) -> 251094040 | I43: PNS
B44: Asesor Sumber Daya Manusia Ahli Pertama | C44: Funsional CPNS | D44: 8 | E44: 12 | F44: 6 | G44: 499535 | H44: =SUM(G44*F44*E44) -> 35966520
B45: Pranata Komputer Ahli Pertama | C45: Funsional CPNS | D45: 8 | E45: 12 | F45: 6 | G45: 499535 | H45: =SUM(G45*F45*E45) -> 35966520
B46: Arsiparis Ahli Pertama | C46: Funsional CPNS | D46: 1 | E46: 12 | F46: 6 | G46: 499535 | H46: =SUM(G46*F46*E46) -> 35966520
H47: =SUM(H44:H46) -> 107899560 | I47: CPNS
B48: P3K | C48: Perencana Ahli Pertama | D48: 8 | E48: 12 | F48: 1 | G48: 286661 | H48: =SUM(G48*F48*E48) -> 3439932
B49: P3K | C49: Pengadministrasi Perkantoran | D49: 5 | E49: 12 | F49: 1 | G49: 183169 | H49: =SUM(G49*F49*E49) -> 2198028 | I49: PPPK
H50: =SUM(H48:H49) -> 5637960
B51: Total | H51: =SUM(H43+H47+H50) -> 364631560

Sheet Sheet5
B1: Nama Pegawai | C1: PPh 21
A2: 7604030507720001 | B2: Drs. SARIANTO | C2: 870838 | D2: 5805587
A3: 7604042810810001 | B3: MUHAMMAD BAHRUM.S.Sos | C3: 569755 | D3: 3798368
A4: 7604040711740002 | B4: ZETH DIANTO N.G, S.IP, M.Si | C4: 573486 | D4: 3823244
A5: 7604061810860003 | B5: MUHAMMAD NARWIS, S.STP., MA. | C5: 571764 | D5: 3811763
A6: 7604044808740001 | B6: ANDI SYAMSIAH, SE | C6: 123064 | D6: 2461287
A7: 7604143112760014 | B7: AKHSAN, S.IP | C7: 97869 | D7: 1957388
A8: 7604041209690004 | B8: R I D W A N, S.Sos | C8: 122608 | D8: 2452163
A9: 7604062404680001 | B9: AMIR SAPIRIHAR, S.Sos | C9: 442623 | D9: 4426227
A10: 7604040804830004 | B10: ARY ARFAN, SAP, M.Si | C10: 121103 | D10: 2422064
A11: 7604040308860004 | B11: MUKTI FAHDIANSYAH, S.STP | C11: 365982 | D11: 2439877
A12: 7604043112690100 | B12: KHALIL ACO, S.Sos | C12: 85005 | D12: 1700095
A13: 7371101901690004 | B13: A I D I L, S.Sos | C13: 0 | D13: 0
... A48: 7316095210980001 | B48: NURHIDAYA RUSMAN, S.Kom | C48: 78691 | D48: 1573823
A49: 7602075203990001 | B49: WAHYUNI, S.T | C49: 78572 | D49: 1571449 | H49: 55328 | K49: 1106557
A50: 7601031406980004 | B50: MUH NURHUZAIN R, S.T | C50: 79008 | D50: 1580153 | H50: 55328 | I50: =SUM(H49:H50) -> 110656 | J50: 110656 | K50: 1106557
A51: 7604025212000003 | B51: SULPIANA, S.T | C51: 78770 | D51: 1575406 | H51: 165983 | I51: =SUM(H51:H52) -> 331966 | J51: 331967
A52: 7604046505990007 | B52: NUR AWALIA. S. Z. ABIDIN, S. Kom | C52: 78810 | D52: 1576197 | H52: 165983 | I52: =SUM(I50:I51) -> 442622 | J52: =SUM(J50:J51) -> 442623
A53: 7315031807950002 | B53: ARIYANTO DWI PUTRA, S.T | C53: 78256 | D53: 1565119 | H53: =SUM(H49:H52) -> 442622
A54: 7605015605000001 | B54: FATIHIA, S.A.P | C54: 79008 | D54: 1580153
C55: =SUM(C2:C54) -> 7085687 | D55: =SUM(D2:D54) -> 99441276
